Gene,n_links,max_abs_r,log2FoldChange,DESeq2_padj
Zm00001d035212,670,0.8284821309712449,1.1637510553336063,2.854722887482751e-06
Zm00001d036956,636,0.8779827054453558,2.241570199630222,0.00016217505479715355
Zm00001d007768,610,0.8934430826327007,1.9851775754711627,2.8007665023243818e-05
Zm00001d022060,524,0.8981992841798566,4.284839078473209,2.5634577884544582e-11
Zm00001d053997,518,0.8477332575851192,-0.9858582583058975,0.00014398673758007617
Zm00001d047366,486,0.877447214885758,1.3674713864321506,2.218561625967045e-05
Zm00001d018786,474,0.8630495755848088,3.4065530323611433,2.54662520901621e-06
Zm00001d049769,455,0.8461999706195137,1.7011814021843514,1.945264105326891e-06
Zm00001d003767,438,0.8822598647648001,1.8595894593592315,0.0003572113138246403
Zm00001d045497,413,0.8712631952415205,-0.7184018852899868,8.250441975754362e-07
Zm00001d002836,412,0.8734307823274463,-1.854033159245419,3.06306433588551e-11
Zm00001d018297,387,0.832331094221371,1.192051571456133,3.2264502539929734e-14
Zm00001d048083,377,0.8598146283745863,3.547162965423495,0.00038019814379973974
Zm00001d043762,360,0.8828062113546956,-1.2280750018241673,7.593902922500593e-08
Zm00001d033109,339,0.8691372390045753,0.8644090057877843,3.447517928181783e-07
Zm00001d042727,332,0.9009927841886275,2.674705928466133,5.893121889425986e-11
Zm00001d034359,329,0.9454029938236584,2.4635324454758796,8.687177734532646e-07
Zm00001d026448,325,0.8319896212629573,1.2253432126183328,0.00041338105183667866
Zm00001d023877,308,0.8788616277965403,1.5591626454048553,2.6371032222545167e-05
Zm00001d021689,303,0.9441644234660195,2.0727004521121972,4.116077592130899e-05
Zm00001d012708,303,0.8373198030827602,1.574566544887275,6.418638208465426e-08
Zm00001d012140,291,0.9104791165860249,-0.6316328097672846,0.00011472572162514227
Zm00001d010321,286,0.8870610368815125,-3.4317184630519724,2.2632129226878845e-05
Zm00001d029342,280,0.8659721195239058,-0.6169665157877886,0.00025146897081001807
Zm00001d012126,280,0.8045249813263368,0.8877820882610143,5.510017017600316e-06
Zm00001d021879,275,0.8708741793653215,1.418655347303311,2.982254315898651e-06
Zm00001d013429,268,0.9101430666734133,4.992258316835846,2.650704947238024e-07
Zm00001d013385,267,0.8799483029648102,1.85629402158435,1.4938252431218206e-05
Zm00001d003468,262,0.7907965093767427,1.1587464179862905,0.00010333675463295095
Zm00001d016271,261,0.8980910324538125,2.981791306719625,5.5335743551717855e-05
Zm00001d042969,260,0.8854813634743682,2.985797358233117,2.5918365703436893e-06
Zm00001d025208,260,0.8830327238540818,1.1642698364761914,0.00010214730697899262
Zm00001d008619,258,0.8845274689084721,-0.5851309808779411,2.982254315898651e-06
Zm00001d016956,253,0.8672616453505578,1.620323941296601,0.00013723050561674982
Zm00001d051238,253,0.8468044382238918,1.2656217034093236,0.0002478629837758683
Zm00001d053715,250,0.7966854639105277,-2.4944345649559034,3.6585183840747e-07
Zm00001d015293,244,0.7873753793305969,-0.42995674729415123,0.0004047129673854779
Zm00001d005539,240,0.8964296314281014,-0.4236838143045614,6.833222524173451e-06
Zm00001d051288,238,0.8554225608236145,1.563940309915437,1.2545624279946083e-06
Zm00001d022619,237,0.8376973479040681,1.6693489033551578,0.0002476039668025757
Zm00001d008283,236,0.8648049352651981,2.943190178703087,2.832125010611025e-08
Zm00001d001773,235,0.7969970471737007,1.3386102185027686,3.940461938258061e-07
Zm00001d021645,229,0.8018715522411557,0.9911019154110201,0.00032592182440200436
Zm00001d019221,224,0.810833965854806,1.3695098367567373,1.8395408704004616e-05
Zm00001d027570,223,0.7962454642507786,0.758827273739227,9.300734809430323e-05
Zm00001d045540,220,0.8244990778072282,1.0309466709072124,0.029597894639166754
Zm00001d034497,219,0.8995703756662721,1.9963771926618215,5.9662536080005e-08
Zm00001d006422,216,0.9060591948272095,-0.40805828395759575,1.2793617543704701e-05
Zm00001d036640,216,0.8836426102910068,2.9519687612075947,1.3619871588770328e-06
Zm00001d034624,212,0.8792632535259411,-0.6527279116883673,7.442731550385976e-05
Zm00001d034569,211,0.8235728310461998,1.1022545199042895,0.0002364822473499627
Zm00001d049602,209,0.8382254544684674,2.391933527920165,0.0006851217738664394
Zm00001d030939,207,0.8403975133391786,0.7131455650625321,4.051239057507031e-05
Zm00001d043519,207,0.7974528272423648,1.1229256463205157,0.00032592182440200436
Zm00001d026387,206,0.8997997204115312,1.3848382784159767,0.0003969318475182193
Zm00001d029563,201,0.820113219226252,1.3111068708553908,0.0005135045957991067
Zm00001d038703,199,0.8203875381609584,0.5001338303283707,0.47767565323321765
Zm00001d045667,197,0.828269252527567,1.0011577697887521,8.010756186620902e-05
Zm00001d044382,194,0.8533332982760757,1.7071816581580206,0.0005789400332008984
Zm00001d044172,193,0.8443786235260858,-0.3671099780049375,0.0006781622122777925
Zm00001d006016,193,0.8399911009586724,2.855332483158089,2.391714350896404e-08
Zm00001d016918,193,0.8296183566900178,-0.7201002627904616,0.00025938830596551995
Zm00001d023617,193,0.8095709412253118,-1.365298321358789,2.8024556073516977e-05
Zm00001d044594,192,0.8587076864282586,3.369237114192762,2.4930761211086237e-05
Zm00001d019298,191,0.9189650103423926,1.7436667079487964,0.0006404989614249381
Zm00001d018036,188,0.8211768616692765,-0.5397130089998443,6.186896405164016e-05
Zm00001d021070,185,0.7972128596663347,-0.5598624032695851,0.00017086075726507527
Zm00001d013635,183,0.826065764205875,1.457051587076432,0.0009121529987891186
Zm00001d046722,181,0.8365917439850764,-1.4496825663546864,0.0003708539139467634
Zm00001d032215,181,0.8276238518297482,1.366433560998734,0.0001018664040409299
Zm00001d023579,179,0.8359372048217021,0.9593178236878117,6.833222524173451e-06
Zm00001d011253,178,0.8265201822870953,3.7372000380071575,7.442731550385976e-05
Zm00001d042779,178,0.8139009436931537,1.7824116263410712,1.768233551333492e-06
Zm00001d015429,176,0.8140667840917373,-0.7307659193528,2.746802057448638e-06
Zm00001d027283,173,0.8487179136527211,2.4050100617971957,1.0326096907957556e-06
Zm00001d008890,171,0.8271077364069501,1.262627009759942,0.0002049302018853826
Zm00001d023371,169,0.8478360513063206,1.0006067134294618,3.220218066348283e-05
Zm00001d023431,167,0.821474426217057,1.0605846577454083,1.94449461041197e-06
Zm00001d040383,165,0.8423109215533156,0.7575376263446558,2.218561625967045e-05
Zm00001d052010,163,0.7864696900210641,1.2107092836553766,0.00017370495627333586
Zm00001d026284,158,0.7885891627214672,0.9853746012343488,0.0007111962295360335
Zm00001d025513,155,0.8649091189603838,0.8176932448132179,0.0005009428282387688
Zm00001d018699,154,0.7712240008196474,-1.6679736354289652,7.192790642963925e-05
Zm00001d017501,153,0.8470814455261645,-0.6775207151187854,4.073193647768695e-06
Zm00001d027655,153,0.8229484305061034,1.7737837943769896,1.210634214820348e-07
Zm00001d051913,153,0.8146168548241761,-0.8398416494470579,0.00024011118156581812
Zm00001d007442,152,0.859589091963386,-0.7928356908962115,2.0132996335997226e-05
Zm00001d012265,151,0.8905293586338598,0.8007813307784929,0.0005378234584600316
Zm00001d029353,151,0.8292645736422254,2.0539935512981957,0.00047526951373421875
Zm00001d038318,151,0.8098327881800084,0.4347280091987232,0.0004172976804371725
Zm00001d014559,150,0.8681402797706629,1.3528518740221274,0.0003988671366339696
Zm00001d044497,149,0.830669868317942,-1.5669510723698754,1.0685639922774941e-15
Zm00001d009938,149,0.8150782023596903,-2.0216709867633447,0.00020886538894122038
Zm00001d014953,147,0.8461517885443236,-0.6218512985481731,0.00025265928377832687
Zm00001d005743,147,0.8299249990055846,-2.3549440515640367,9.225714279220279e-07
Zm00001d049289,138,0.7953033079365458,4.002917064563518,1.889808897518631e-06
Zm00001d023529,137,0.8257348833039834,1.4391558949275849,0.0006281759309079502
Zm00001d001994,137,0.750503257586974,0.8738396815831924,0.0005504700098651171
Zm00001d045581,133,0.8347578089659763,2.6381506677003657,2.982254315898651e-06
Zm00001d044368,132,0.8693296592928692,-1.5231282670340722,2.7477008813288984e-05
ENSRNA049474888,132,0.8641010848592949,5.2948047918007415,8.582821641854521e-07
Zm00001d001852,131,0.9185803345645067,2.391618314524084,0.0005789822500753415
Zm00001d046354,131,0.840850825998061,1.4178088868218086,0.0004820822746397071
Zm00001d024835,129,0.8504099479018926,1.847154036830596,0.0006681613880663212
Zm00001d024936,129,0.8460503850773677,1.1028545811621517,0.10203557299697773
Zm00001d007500,129,0.8230052119979064,0.8511117599093144,3.3214390718227314e-05
Zm00001d029625,129,0.7687918127689195,0.7969167065489398,1.1075240814976346e-06
Zm00001d053409,128,0.7987354755774917,-1.3127003630683485,0.00013217598866743216
Zm00001d041604,127,0.8176307115488591,1.4075321979184976,0.0006462595736160137
Zm00001d028756,126,0.8307477368251864,1.720861813740947,0.00026919280429704614
Zm00001d000183,126,0.8146584131297506,1.6525169585489654,0.00023714340103583767
Zm00001d006088,122,0.7847304119520534,-1.7547124826694103,0.00010987677643000315
Zm00001d002347,121,0.8393370598611923,3.356050775897763,0.0003359534125763426
Zm00001d014019,120,0.8487036156607863,0.9389387711668564,0.000613712062697747
Zm00001d037004,118,0.8130551991651687,-0.7537283972818049,7.017632352086499e-05
Zm00001d021582,118,0.8076235949208326,-0.665654500157653,5.18793780276424e-05
Zm00001d018902,117,0.8369662979055934,1.2056246124337537,8.310457161532656e-06
Zm00001d026563,116,0.787725831664828,0.8150107692284546,0.0006000731396402626
Zm00001d027803,114,0.8117135572556621,1.4570870671098821,2.616136612268831e-05
Zm00001d012488,113,0.8477677882275324,1.94934691154761,0.0003654068687663434
Zm00001d034598,112,0.8160491358431674,1.128312288315164,0.00019196264088049687
Zm00001d051873,111,0.8225158195768493,-1.0239614242632225,1.0326096907957556e-06
Zm00001d046263,111,0.798047856557838,-0.992024317594743,1.3619871588770328e-06
Zm00001d028596,111,0.787621601001435,-0.9872935846070371,1.054922597473816e-06
Zm00001d035367,110,0.9053114219602514,0.8331347218402777,0.07489507321337989
Zm00001d027291,110,0.8490703380969798,1.7417029626242564,4.991290007420791e-05
Zm00001d032181,110,0.821543775594222,1.4046730060600685,0.0001320835825820381
Zm00001d047300,109,0.8179228161805621,3.9689698013766566,5.355593790712925e-06
Zm00001d023213,108,0.8214411503467233,-2.139673658914268,2.615425586316114e-05
Zm00001d036136,104,0.7620209840278864,1.3217813802045253,3.821423481219102e-05
Zm00001d011610,102,0.8668381109362593,-0.9960701634241707,0.00039345674865386507
Zm00001d000077,100,0.7910419464123165,-1.4636064116653071,0.0018135046697969229
Zm00001d017985,100,0.7602600900669337,-0.5834111451284836,8.518126322280792e-06
Zm00001d043560,99,0.7968436631450633,-0.4905214356794116,3.211777694385071e-05
Zm00001d035046,99,0.7921596957947753,-1.1182060539236744,0.00010208498582188682
Zm00001d007267,98,0.8215783554242596,1.156869558403302,0.0006307780894636179
Zm00001d020951,97,0.8554874662528895,-0.6325262354400655,0.16750933610420946
Zm00001d015032,97,0.8035526122608655,-0.24063929339448117,0.647788726144949
Zm00001d040357,97,0.7840368360785699,-0.4735067663217039,0.00016217505479715355
Zm00001d026580,97,0.7669961745652476,0.814665348316443,7.877653708670999e-05
Zm00001d033259,96,0.8062013084363131,1.350083050186965,0.00017079438761775082
Zm00001d004409,96,0.7879171251221139,2.52492642924135,8.796023740764935e-06
Zm00001d006623,95,0.930408033897822,2.8268090749381423,7.382573207118452e-05
Zm00001d012978,95,0.8450055914530817,1.736934450304381,1.923476906777068e-05
Zm00001d029448,94,0.7895333433788626,-0.5127115273617412,0.0003797865328803153
Zm00001d045174,93,0.812006405798707,1.8381369268018353,5.878075527623312e-05
Zm00001d024890,91,0.854859089329334,-0.45466968628444365,2.4694072687611394e-05
Zm00001d029680,91,0.8073806511845434,1.2858975662266074,9.990080243134511e-05
Zm00001d007345,90,0.8545783109412093,2.107561710720637,2.0132996335997226e-05
Zm00001d050775,90,0.8214992601442807,-6.073856527963129,4.106483063935594e-17
Zm00001d013705,90,0.7744100753080343,1.8299179044332132,0.00033052504912134065
Zm00001d033169,89,0.8365688039168632,2.343029100044942,3.2603621509117784e-05
Zm00001d016551,88,0.8092389967261895,1.2457578479358205,0.026832144513049997
Zm00001d036638,88,0.7910889903030813,3.1129992119477192,0.00044882678125981996
Zm00001d026692,87,0.929547946582479,3.9471400745650818,0.00015215681741203676
Zm00001d048950,87,0.8429054208358628,2.058390482638774,3.220218066348283e-05
Zm00001d028400,87,0.8151284689062446,0.3116985565676062,0.5433640089698297
Zm00001d023481,87,0.7560883794223844,3.281695617044386,4.502569080231188e-06
Zm00001d007296,86,0.829046182559025,0.7951801706091598,2.2341844871111662e-05
Zm00001d004681,85,0.8677476392561019,-0.8232927874163621,0.20220057655313087
Zm00001d013910,85,0.8417337851616312,-0.28916703358003176,0.0007079834798559467
Zm00001d035926,85,0.7979345625939085,-1.4000689494145686,1.0386052627635383e-08
Zm00001d051687,85,0.7822972481332762,0.7966716997495699,0.1759997939320362
Zm00001d032042,84,0.7923780711426484,1.5593177068317123,0.0005933483838169626
Zm00001d049469,84,0.7720716758302865,2.1232655267027947,0.000516419531803543
Zm00001d020429,83,0.9045140844587476,-0.7374857085530209,0.0005610655740256584
Zm00001d000116,82,0.7787726507136861,-0.6447417590734471,8.868220241264783e-05
Zm00001d042830,81,0.8430458131700793,1.1556930801153154,0.00023747486473132482
Zm00001d022111,81,0.7989196024248618,1.8758051570187992,0.00044765700789947444
Zm00001d023713,80,0.7788674559794053,-1.8210123511181868,0.000375004616625374
Zm00001d017988,79,0.8169823091614046,0.7637688767669375,0.00032162675041503836
Zm00001d004804,78,0.8189069660651629,-0.8706854732599935,0.0005639008233740545
Zm00001d051900,78,0.795278340506302,1.084665187405946,3.345982587488141e-06
Zm00001d009117,78,0.7786644317480801,1.45360894306654,0.0006742512787461923
Zm00001d032291,77,0.8179428837701668,2.5526130684361523,0.0006735013243966899
Zm00001d043904,77,0.8160353400181677,1.6788311355160073,0.0012518819226847767
Zm00001d051310,77,0.8017082362621099,-1.343018854796189,0.02927386696103256
Zm00001d048098,76,0.8105972907886368,-1.254671192355054,0.0003797865328803153
Zm00001d015224,75,0.8345182472646399,1.4236177249571125,0.004272003390570299
Zm00001d048373,75,0.8064215385874586,1.3827060187718208,0.0056461068256322185
Zm00001d021051,75,0.7949410428430356,-0.912943477367517,7.82220563106454e-06
Zm00001d002132,75,0.7914856947746813,2.989826831104403,0.0003130772475115052
Zm00001d047587,75,0.7651946168943287,0.5723171603378151,4.944991051153941e-05
Zm00001d031586,74,0.8061093625392549,2.179828233742446,9.076288678643822e-05
Zm00001d048604,74,0.7990380836520569,-1.079887237163178,6.619224663869646e-06
Zm00001d050793,74,0.792795800169733,-0.542514893155814,1.8210977081546175e-05
Zm00001d033710,74,0.7747849357359246,-1.635684990487207,0.0004935060040385717
Zm00001d017611,73,0.9945176647664973,3.073457343151859,7.469675691776335e-06
Zm00001d039350,73,0.8432651729213186,-0.7670686611932298,0.08395681475511975
Zm00001d021822,73,0.8416242833837843,2.452313170608194,0.0006851217738664394
Zm00001d028835,73,0.8187239111386948,1.1693843386553204,0.00015490709947968675
Zm00001d036025,73,0.8165614423463126,1.8062311167830722,0.00026769579224539985
Zm00001d044434,72,0.8319800053727704,0.7710321698274888,0.00014398673758007617
Zm00001d006771,72,0.7492549823374618,0.559095155199491,0.0003515980418932542
Zm00001d020506,71,0.7803497190012553,0.7515626361454057,0.00017690816270666063
Zm00001d028366,71,0.7788282015440747,1.5738635589910253,0.0001287181329124951
Zm00001d034801,71,0.7621484949445594,-3.3850948838760537,2.57020529898803e-05
Zm00001d002669,71,0.7599282576651668,1.8360201986082012,0.00014906593225455812
Zm00001d042035,70,0.81301337501021,1.3297870536555296,0.001401908850351389
Zm00001d030670,69,0.8989058291028243,0.5421725432138481,0.39858835943721577
Zm00001d029806,69,0.87184977641624,1.826295305322827,1.2141422625353413e-06
Zm00001d033935,69,0.8327103183979708,0.6682854126959182,0.0005811493872368385
Zm00001d019507,69,0.8122368839350963,0.9065018493990864,0.0006206271065490064
Zm00001d038288,69,0.7796711360101646,1.575371023186156,5.459803716217816e-05
Zm00001d020607,68,0.770915554433255,1.2031750796470382,1.4959612947828985e-06
Zm00001d020160,67,0.8018419342631495,1.9958740006684048,0.0003723213308999287
Zm00001d011828,67,0.7747024450521206,-0.7464871234929563,0.00020895012241210298
Zm00001d016349,66,0.8312209721000449,-0.5005381273346067,0.0007014886332294851
Zm00001d027325,66,0.7681031963892976,-0.7277337029002818,6.088281252464458e-05
Zm00001d048662,65,0.7955062540975061,-1.8472524659632836,0.014297193229288577
Zm00001d028923,63,0.8412363715418227,-0.47054517006292346,0.00047036957632682757
Zm00001d006010,63,0.7976544847474895,1.105860261172436,0.003491136652861842
Zm00001d053975,62,0.832178964606645,1.4182017103897273,0.00014906593225455812
Zm00001d003950,62,0.7933150338137144,0.7572022446313511,9.41740482262642e-05
Zm00001d029052,61,0.8226361233107672,1.6168531439054121,1.4226119084106858e-05
Zm00001d048044,61,0.809411265439078,-1.048581473014684,0.20739399801069902
Zm00001d037542,61,0.8002405428197121,-1.5288808946817969,4.2792954035413156e-05
Zm00001d010439,60,0.8963552446287448,4.13125888538191,3.7110192982202926e-05
Zm00001d046961,60,0.8280063649592069,0.9274720644854492,0.062372940729216585
Zm00001d043856,60,0.7932354709235674,-2.4055252300577306,6.359627280119305e-05
Zm00001d024712,59,0.8638772748743183,1.8573660418956346,8.010756186620902e-05
Zm00001d005489,59,0.8344751130574697,1.5970606768016418,0.000251491338774356
Zm00001d027841,59,0.8254124738886488,-0.5320289297930635,0.0001427411422305513
Zm00001d006130,59,0.8094653912126296,1.4026611489093053,0.0001728565728279879
Zm00001d006195,59,0.773898956789995,1.2341344916528552,0.0003359872450132323
Zm00001d028718,58,0.8460444437576352,0.22521883815397,0.7420993496970153
Zm00001d001928,58,0.8115986070972568,1.5464463226428382,0.00010559681416682406
Zm00001d002974,58,0.7865537033059681,1.1132550888391595,0.015659455860475256
Zm00001d034809,57,0.8007103141077995,0.679731689068758,0.0006462595736160137
Zm00001d021754,57,0.7885370942311699,-0.34949630628347245,6.945850155167664e-05
Zm00001d000195,56,0.8194551569072014,-0.9251161291605853,8.136183081107079e-05
Zm00001d001856,55,0.8411674017784232,-0.7942156951310086,5.5335743551717855e-05
Zm00001d016591,54,0.7858424877999279,-0.5483597096694356,1.298625996331219e-05
Zm00001d036761,54,0.7685137106590062,-1.1508454133551411,8.16053852243211e-07
Zm00001d050154,53,0.8839342880874871,4.175828738100601,3.288312733185128e-07
Zm00001d053240,53,0.8771797714964019,3.410897707287703,2.218561625967045e-05
Zm00001d044748,53,0.8529343671467422,2.158382981234446,7.593902922500593e-08
Zm00001d024700,53,0.8166832783162217,1.5879258361293336,1.0506911765983142e-05
Zm00001d012887,53,0.8132129436511858,2.752169555175638,1.308133919342932e-05
Zm00001d020228,52,0.7717185961510059,0.6197081634768891,6.833222524173451e-06
Zm00001d048466,51,0.799477770228711,1.052181500966242,0.03044221813482568
Zm00001d043924,50,0.8409983045681281,2.641734049777888,6.300897087749414e-05
Zm00001d038954,50,0.7901585214530815,1.2706998741529996,0.02046654071556658
Zm00001d037228,50,0.7623412704324877,1.8602674079417576,7.798467866803871e-05
Zm00001d002051,49,0.8064634309379339,-1.3020293490665216,0.0001693970249699604
Zm00001d012260,49,0.7720862019156954,0.7855499936379828,0.00032592182440200436
Zm00001d025055,49,0.7707960117022142,-1.1489220993989662,0.00032592182440200436
Zm00001d006419,49,0.758290376454688,-1.5577156501097202,2.4578891415561775e-05
Zm00001d027290,47,0.797768736204581,2.5017483136106553,8.086045366244422e-06
Zm00001d033948,47,0.769261639871358,1.7340699686122478,0.003816208148593035
Zm00001d031898,47,0.759564650094628,-0.5332641654004975,1.3993164228506155e-05
Zm00001d023411,46,0.8209742778946314,-3.1516768888431193,1.4959612947828985e-06
Zm00001d036973,46,0.7840156841168007,-1.3602735372117698,0.018243813070086434
Zm00001d008462,46,0.7820818991537014,-1.392818341592471,0.004769554331372606
Zm00001d039991,45,0.8244270095289074,1.840962927412907,0.0006818108486066661
Zm00001d021726,45,0.7529971942332921,-0.9842454776828292,0.0002150774142126529
Zm00001d021130,44,0.8697351848918271,4.415023001766966,0.00010987677643000315
Zm00001d036023,44,0.8126604551077428,1.9375868462296744,0.0006203119113397037
Zm00001d011299,44,0.793625401819546,-1.140198742136149,2.4694072687611394e-05
Zm00001d006676,44,0.7844207700114083,1.6087301370630525,0.00038958265386517806
Zm00001d031685,43,0.8116490990693531,-2.977417636563586,6.612817178047781e-05
Zm00001d049061,43,0.8087197456676151,-1.195883426238805,1.3213774513641968e-05
Zm00001d002693,43,0.7974960338984981,1.1516697742867854,0.0006742512787461923
Zm00001d032504,43,0.7884151201228197,2.051519261071753,8.086045366244422e-06
Zm00001d016982,43,0.7861091456601195,3.0868849259088518,3.982103485606457e-07
Zm00001d003148,43,0.7625666185311492,2.1019854504710977,1.298625996331219e-05
Zm00001d041225,42,0.7914878293130144,2.142333386429623,0.004588331920175869
Zm00001d008797,41,0.858880013315083,4.358250264735023,5.769037233919353e-06
Zm00001d031648,41,0.7800738199593645,-0.4156991423890396,0.0006206271065490064
Zm00001d033607,41,0.7764837232570504,0.16936018478281475,0.8026481931447467
Zm00001d028616,41,0.766762507937973,-1.4754138244584458,6.300897087749414e-05
Zm00001d024583,40,0.8449047317498635,-0.43888266262767944,0.00017370495627333586
Zm00001d018428,40,0.8193992449371148,0.20044108551904655,0.752785923984157
Zm00001d000357,40,0.8056749461170675,-0.6581355639744223,0.0002467653727905311
Zm00001d029525,40,0.7995356372124056,0.7919306010919359,0.15652778506633022
Zm00001d036922,40,0.7693229424558357,1.8994736358510729,0.0005521104573091135
Zm00001d020694,40,0.7354809537112142,-1.0993239423613008,5.182798643564526e-08
Zm00001d003693,39,0.8769696840332237,3.299310953274365,3.342342509162179e-06
Zm00001d001858,39,0.7776366017206476,-1.3497263372481914,0.0006425463069788857
Zm00001d003301,39,0.7671206845786638,-1.038233058490071,7.666299605907751e-05
Zm00001d012387,39,0.7571060821054053,2.566104069426378,0.00032592182440200436
Zm00001d047234,38,0.8411194154206658,-3.1954431610702954,3.1095291632040924e-05
ZeamMp095,38,0.8216254768398645,-1.4891591135840763,0.00015784127838992603
Zm00001d013294,38,0.8074993589136684,-1.9473455668461617,0.0001728565728279879
Zm00001d034107,38,0.8037307729080893,-1.18332553149587,0.0006206271065490064
Zm00001d048859,38,0.7847867846048318,-3.2094115091829267,2.207289283728678e-06
Zm00001d047833,38,0.7532360921811704,-0.5423817722005311,0.0005135045957991067
Zm00001d029490,37,0.8145553806761318,-0.6624316527036812,0.00026904436936795763
Zm00001d043684,37,0.8139010607418278,1.9910927365161675,3.940461938258061e-07
Zm00001d052420,37,0.812800110169626,0.5679755406236667,0.0005670458378056166
ENSRNA049475591,37,0.7929261341142678,-1.252528931625987,0.0715044398272138
Zm00001d017449,37,0.770969132552516,0.5666187510226882,0.00012218287642709938
Zm00001d013632,37,0.7678402335800096,0.7682256700726793,6.13070542627009e-05
Zm00001d051125,37,0.7399726416972784,1.5505681957079496,4.452075325649091e-05
Zm00001d020954,36,0.8540574856584587,1.764720004441155,6.712184073633165e-05
Zm00001d027642,36,0.8128030041910864,-4.667048990074769,6.263801785143049e-05
Zm00001d001770,36,0.7984273664686685,-1.8825010986641415,0.04553667473227446
Zm00001d031979,36,0.7829191335770779,0.518295880401672,0.0002087650695002475
Zm00001d037059,36,0.7762138394736232,-1.1312016983271378,0.00010233487553965715
Zm00001d038908,36,0.7566662757973733,1.6786200752959375,0.0016240565234682833
Zm00001d012939,36,0.7552861922109625,-0.046817683052184464,0.9580574565151988
Zm00001d037982,36,0.7533680778487084,-0.972034352253126,0.0002364822473499627
Zm00001d018701,36,0.747328772555614,-0.31796640966062373,0.6357037489814303
Zm00001d028004,36,0.7368468756935581,2.628245434031337,6.063722206518373e-08
Zm00001d026046,35,0.8128834749051767,2.1038453284123366,0.0003137660400011711
Zm00001d007349,35,0.7524990873846608,-0.08942290048894405,0.9017126724964641
Zm00001d029605,35,0.7433723499168882,-3.754234578468644,2.5310145350115106e-06
Zm00001d034872,34,0.8701689367409777,-2.691856963304761,3.982103485606457e-07
Zm00001d020408,34,0.78269363228573,2.298129819727655,0.00039345674865386507
Zm00001d031677,34,0.781820594640002,0.8346673371550453,0.1866050515627547
Zm00001d052261,34,0.7629655678511852,-2.230596619291171,3.6278867557824953e-07
Zm00001d040242,34,0.7488204559723214,2.050133261972655,0.00030212623322215356
Zm00001d018220,34,0.7436318438992032,1.2216263714752977,0.0022308656809889183
Zm00001d020614,34,0.7329641457835675,1.2240091687709789,0.021273379897475485
Zm00001d052063,34,0.7285847628246803,1.1409169805512878,0.00039345674865386507
Zm00001d044534,33,0.8215236073034423,3.0451344303975603,2.57020529898803e-05
Zm00001d042395,33,0.7672676336617994,-0.4560390950355471,0.0005670458378056166
Zm00001d036237,33,0.7308341299135421,2.774939524861247,8.687177734532646e-07
Zm00001d043156,33,0.7138266220712945,0.686795008906285,2.1156830686683152e-05
Zm00001d037160,32,0.8373918779423093,1.1900057749481352,1.764306755029081e-05
Zm00001d039417,32,0.836200432477159,3.487150018950475,4.8398950291604624e-06
Zm00001d007616,32,0.8263507409003349,-2.426171958877145,0.00020282914824633238
Zm00001d027070,32,0.7941568667808195,-2.5576683978842896,0.0002265020121055918
Zm00001d032220,32,0.7812487085432487,2.5067652165948098,6.541787187813794e-05
Zm00001d015700,32,0.7302414002382175,1.09092532253748,0.00014398673758007617
Zm00001d011351,32,0.7272807147918396,0.5680541874874254,0.00020282914824633238
Zm00001d048006,31,0.8173145405511643,1.4272675481678232,6.833222524173451e-06
Zm00001d001871,31,0.806009169601792,1.8009886557259134,0.00032604036742813896
Zm00001d017640,31,0.7995736306979345,1.300758944007394,0.0006832303552565289
Zm00001d028745,31,0.7433576929568176,1.3009986253648829,0.004163896278172195
Zm00001d037851,30,0.8162748412808106,3.1610980191793763,5.769037233919353e-06
Zm00001d036998,30,0.8131331560165858,2.8193417993630603,0.000711656509537967
Zm00001d047387,30,0.7833079911761195,-1.232479565072484,0.18086333108603597
Zm00001d011132,30,0.7774884456474969,-1.4436835928237655,1.0326096907957556e-06
Zm00001d038211,30,0.7689277877675672,1.7376136368354953,0.0006203119113397037
Zm00001d047367,30,0.7638398058433861,0.5587273649754083,0.36569456964564545
Zm00001d005952,29,0.8089887228781536,3.8555415953626775,2.0655934379960878e-07
Zm00001d009820,29,0.7757683865565341,2.5441924066022374,0.0003180317008816795
Zm00001d041455,29,0.735871473658716,-1.097475965215009,1.668624166822935e-06
Zm00001d046765,28,0.8001099459677167,1.4890427861329714,0.0008907775633076094
Zm00001d017720,28,0.7783658654952326,-1.2745622615740184,8.136183081107079e-05
Zm00001d004586,28,0.7756406177337886,1.390621854678726,0.00032592182440200436
Zm00001d037381,28,0.7665415839095625,-0.3648746602716,0.0005639008233740545
Zm00001d005281,28,0.7562062729009301,-0.4299495777324177,0.0006814824454218385
Zm00001d030114,28,0.7237118979315472,-0.7039544483935954,0.22347637403038115
Zm00001d029710,27,0.7773647037014233,4.603362034830618,0.0001427411422305513
Zm00001d022188,27,0.7726473024750468,0.01876481580216443,0.9789039639983066
Zm00001d034164,27,0.7710593666744937,-1.853963943377598,8.858367732895786e-05
Zm00001d012994,27,0.757791118318247,-2.029236556876225,1.919211624865971e-05
Zm00001d021414,27,0.7526731025937738,-1.112116045325988,0.000314440026325521
Zm00001d043249,26,0.7595014585341425,-0.7957669321528277,0.00032592182440200436
Zm00001d005978,25,0.848331871754171,0.25905427177903306,0.6823466686959404
Zm00001d020310,25,0.7698937246835963,-0.7722455796729819,1.035548810973035e-06
Zm00001d026038,25,0.7644649642984926,-4.357057955818692,2.887060512434417e-06
Zm00001d015127,25,0.7491503434365807,1.5435417593470366,0.00016440733691191375
Zm00001d007245,25,0.745096095911173,-1.845316447509069,0.01165899170588273
Zm00001d018790,25,0.733393336872411,2.083436794939774,7.084529614433722e-05
Zm00001d002382,25,0.7176306699206331,1.0988426990287883,8.972741461030918e-05
Zm00001d044302,24,0.7968062972323424,2.371786918693898,1.3153498202733807e-05
Zm00001d050382,24,0.7926030060946254,-0.7484333839401454,4.445063864590594e-05
Zm00001d038532,24,0.7765399368577434,0.48686126679885966,0.37479856996184396
Zm00001d034337,24,0.7715515280290473,1.4910204104401168,2.8011889732949693e-05
Zm00001d053972,24,0.7649114712488696,0.6551033472639882,0.00028423267691757195
Zm00001d047062,24,0.730796860293934,-1.1001310333754444,0.08336312027333966
Zm00001d041788,23,0.7604174592992141,-0.30632386395883204,0.7346480762317923
Zm00001d025682,23,0.7575880565805387,-4.764293652385929,8.81227284885407e-08
Zm00001d020403,23,0.7498063746324153,-1.847680188159942,2.8380706908624176e-05
Zm00001d024744,23,0.7408282009780831,1.2303978887254614,0.0482856748491362
Zm00001d035390,23,0.7407139172404115,1.6365300348774814,0.018202063855581135
Zm00001d001497,22,0.8599333100039462,-2.107945605388234,0.00037724125981776247
Zm00001d023343,22,0.7790751654456861,1.1035889725920927,0.010907365524578817
Zm00001d041365,22,0.7725824734932395,2.3647110954597843,2.056865970568179e-05
Zm00001d042022,22,0.7619895604213469,-0.8425443184515914,2.7477008813288984e-05
Zm00001d026398,22,0.7334460079376075,0.8320930511797018,0.07852219641966561
Zm00001d013053,21,0.8274677261713971,-1.7593837141602915,0.00025918023131940663
Zm00001d012025,21,0.7557908439450384,-3.925722611975663,0.000487464784422816
Zm00001d044106,21,0.7505588734672132,-0.8348404590402706,0.059904928290291586
Zm00001d022965,21,0.7258702014115316,1.557523497120935,0.0019409638598219237
Zm00001d039278,20,0.7858779287890528,-0.5744160618624479,9.93353748351085e-06
Zm00001d019358,20,0.7834675981661898,-0.9763496820335239,0.00012988576108180527
Zm00001d023294,20,0.7614867071195057,0.24814005194296698,0.754265417714279
Zm00001d003021,20,0.7572513905565214,-1.5847562682633265,0.001363787800230081
Zm00001d048176,20,0.7487313582028616,-2.571667056132251,0.00022223310732621206
Zm00001d032686,20,0.7383457373844942,0.649600176492403,0.000487464784422816
Zm00001d050673,20,0.7230873129055757,-3.192845704638364,0.0006283492873937744
Zm00001d040364,19,0.8429540531623473,-1.487118846359902,0.00032592182440200436
Zm00001d038275,19,0.8332721751823254,-1.5981471116056751,0.0001728565728279879
Zm00001d006521,19,0.8316855921616703,1.8929188097036571,0.0003467486087532619
Zm00001d043853,19,0.825637839644008,1.6833459587121973,0.0007613231750454891
Zm00001d024676,19,0.7718241888858589,2.031525859511805,0.0001427411422305513
Zm00001d044515,19,0.7568165217076348,1.5877057213452104,4.527757613771128e-06
Zm00001d037609,19,0.7509479707545125,1.6061298927672791,0.005687801650859104
Zm00001d035681,19,0.7225075236786547,2.1990858011447805,0.00010987677643000315
Zm00001d050544,18,0.8585729001755833,-0.7248609139230058,0.0006486246789417654
Zm00001d053981,18,0.7868145556317816,0.7363948947399207,1.9167665933642788e-05
Zm00001d051269,18,0.7731801674216008,2.2292370384697207,0.0001499959810541895
Zm00001d018831,18,0.7731390675133571,0.7552548218445774,0.0006229298581461653
Zm00001d000128,18,0.7661941078165945,2.171536321502109,0.00010915506694816794
Zm00001d029744,18,0.7391650077424614,-1.1492188921844855,0.0006742512787461923
Zm00001d043453,18,0.7362910186597332,-2.2974301482984307,3.940461938258061e-07
Zm00001d023995,18,0.6883454678998584,-1.1634586049283875,0.04452980056882601
Zm00001d033111,17,0.837366088132561,1.3735784770656103,6.096074687582141e-05
Zm00001d053991,17,0.786722637077068,-1.0013340106985813,0.22984883883777346
Zm00001d039085,17,0.7817749814377091,-1.3640529096200102,0.0005610655740256584
Zm00001d042717,17,0.7622108063145774,2.303656134727421,0.00011199525323973359
Zm00001d051800,17,0.7616821962045154,1.9092498768460944,0.00033466065184241427
Zm00001d040984,17,0.7528803027525952,1.3908154834237902,0.04129990537785256
Zm00001d029963,17,0.7496148837025455,1.0842251364800766,0.00010214730697899262
Zm00001d052034,16,0.8106294833919037,0.8225013738362382,0.0005966423757475328
Zm00001d036840,16,0.7758937559348374,-2.557472150377642,6.315125007043234e-06
Zm00001d031618,16,0.7729995802304761,2.2773829363634874,0.00024200054089929785
Zm00001d013191,16,0.759151901512747,-2.1016376411825846,0.00019780726073811457
Zm00001d021890,16,0.7590780393141777,-0.5260411582410731,0.00048358961395838444
Zm00001d052076,16,0.7576323824913331,-1.3598852532607597,0.014227067635917103
Zm00001d052690,16,0.7456481683015082,-1.783048342551455,0.00028401915229084887
Zm00001d000161,16,0.741756515270061,3.331367275984089,0.00033466065184241427
Zm00001d017863,16,0.737569166358297,0.24404905249195236,0.7156034573236567
Zm00001d033479,16,0.7201352866914996,0.6621033616520333,0.00032592182440200436
Zm00001d021371,16,0.696174045972186,1.165079344146309,6.258322157216638e-05
Zm00001d000113,15,0.7979218886355615,-2.1395521463223037,0.001562076237370463
Zm00001d013364,15,0.7662719190465119,-2.1436056641479375,0.070005053074419
Zm00001d052137,15,0.7611769471399832,-1.1092166784082058,0.0002364822473499627
ENSRNA049460169,15,0.7459488901317596,1.7747628310348234,0.001758378819030121
Zm00001d014492,15,0.7319846010164358,3.481745535859288,3.410862541214844e-05
Zm00001d021889,14,0.8682318710093739,-7.42944309327151,6.315125007043234e-06
Zm00001d012900,14,0.811238153003626,1.5059081373214618,0.0006229298581461653
Zm00001d029333,14,0.7978103583849298,-1.9262840303026214,1.634465693090028e-05
Zm00001d017935,14,0.7879983044829509,2.4829342204272353,0.00039345674865386507
Zm00001d034129,14,0.7827101961822053,2.3559535822384365,0.0001728565728279879
Zm00001d007488,14,0.7808629780828685,-3.0841126936526404,7.017632352086499e-05
Zm00001d048013,14,0.7446158404001177,0.7395581854721731,0.17113201050054389
Zm00001d027472,14,0.7439610642858603,1.3740612071209486,0.00018350628592561668
Zm00001d013678,14,0.7423492037415905,1.4069685456534655,0.00749250126655742
Zm00001d008720,14,0.7393765364568943,-1.1364138884833233,1.0506911765983142e-05
Zm00001d047480,14,0.7376919356040386,1.016389610873757,0.06677702561022751
Zm00001d007920,14,0.7333754288171065,4.7378561958886305,0.00014906593225455812
Zm00001d029489,14,0.7237077734893674,0.822489876372798,0.0005141206103323188
Zm00001d030526,14,0.7138994771280752,0.7615112177438277,0.00018106421957439123
Zm00001d027131,14,0.7132229873171894,-0.7626255676432164,0.2447504765099579
Zm00001d021014,13,0.7953709067882031,2.750189528946506,4.832065304605099e-05
Zm00001d032897,13,0.7775687373577674,0.4548167724531815,0.48519564318135855
Zm00001d039139,13,0.7595252869611073,1.2797042202878108,0.03508497043022358
Zm00001d002012,13,0.7503680388579933,0.43559626003882185,0.32793318035487345
Zm00001d018119,13,0.748008838203923,0.9091645137080034,0.05167589712722589
Zm00001d007234,13,0.7202175825616748,0.7821566296597611,0.0002364822473499627
Zm00001d039712,13,0.7194754515037999,-0.8810816232179163,0.000375004616625374
Zm00001d002095,13,0.7080887726351568,-1.1795565634155307,0.0006503261414001531
Zm00001d029785,13,0.6917348218487844,-0.7579251945701682,6.107192518252437e-05
Zm00001d045070,12,0.8673869905330132,-3.9394659198243254,0.0001728565728279879
Zm00001d052840,12,0.7962121348184802,0.44365427048050804,0.3414814888605862
Zm00001d017756,12,0.7662495153335146,-1.163256305186474,0.0001427411422305513
Zm00001d013831,12,0.7515282747323734,1.1667474354999767,0.12262303408072889
Zm00001d039764,12,0.7468335324065517,1.553478099182793,1.0665954715287721e-05
Zm00001d033597,12,0.7315556323508666,-0.37048008557333456,0.0006814824454218385
Zm00001d029696,12,0.7305866118063045,-0.9617024077169732,0.06331161040520619
Zm00001d016545,12,0.7236832424569772,2.0590268024607608,2.57020529898803e-05
Zm00001d002848,12,0.7183409629207763,0.263099880802512,0.6671344743847832
Zm00001d027519,12,0.715225037589449,-0.532216937761802,0.000487464784422816
Zm00001d022031,12,0.6957149582690163,3.490050216597291,3.234095781890492e-17
Zm00001d020041,12,0.6868108655718705,-2.8899278034194853,6.088281252464458e-05
Zm00001d005495,11,0.7911119188051123,-0.7483181503839746,0.15188791199764237
Zm00001d026042,11,0.780377183438819,1.4605539051775684,0.00023747486473132482
Zm00001d017240,11,0.7728742717367522,-1.1594672599708022,0.0027047718897115092
Zm00001d034278,11,0.7677354449321716,-1.5349613802419708,5.594173364155381e-06
Zm00001d031771,11,0.7620275324994705,-0.14687151023812609,0.8632046141273076
Zm00001d038585,11,0.7528443766871824,2.3129543234814425,0.00010486415260226988
Zm00001d045237,11,0.7430488670116054,-2.8576046317713417,7.017632352086499e-05
Zm00001d038820,11,0.72777570606182,-1.0139777865639543,4.944991051153941e-05
Zm00001d031620,11,0.7148528821345148,1.3616270463404772,0.0374814312325595
Zm00001d039733,11,0.7115236425496051,0.5473944531056373,0.39620604971596307
Zm00001d019256,11,0.7109378668706885,-1.5329925232058437,0.0006769369852636145
Zm00001d035303,11,0.6971515988581155,-0.7722520108634151,0.0003359872450132323
Zm00001d007401,11,0.6896513416380744,0.6853215993048138,0.2827477121507541
Zm00001d030544,10,0.9061445600547902,0.41853876297713777,0.46561202665951007
Zm00001d006126,10,0.8031482106513398,1.9029176500045115,1.9323746638887454e-05
Zm00001d021396,10,0.7985080034348152,1.226604074545514,0.00017079438761775082
Zm00001d011882,10,0.782788091908277,4.679596258590328,0.00023747486473132482
Zm00001d027520,10,0.7730198839448328,0.4958591939177939,0.3104272210379845
Zm00001d025722,10,0.7704248163390454,1.3995864641759657,0.047554196272426956
Zm00001d049380,10,0.7639142273286208,0.6199510323681273,0.25165991536533444
Zm00001d044142,10,0.7551431710413051,0.3123503764579462,0.6315719180239533
Zm00001d044622,10,0.7527533693777133,1.1869587396401273,1.3837803617434799e-05
Zm00001d032546,10,0.7434079069030861,-0.5032145814902365,0.0002325048057855642
Zm00001d021770,10,0.740517029293205,0.5378047968809274,0.5466608978373644
Zm00001d048337,10,0.7358674141217457,2.7044569767216897,0.0001457944466408813
Zm00001d029084,10,0.7354411880338535,-0.6961895464309847,0.13445889108130754
Zm00001d030617,10,0.7319927095214311,-1.2842622837576316,0.0002767897604519018
Zm00001d044630,10,0.7280941923712635,1.419590518791699,4.452075325649091e-05
Zm00001d004410,10,0.7192352929028808,-0.7511539242425778,0.0003654731522667583
Zm00001d024759,10,0.7078820151396727,-0.6533811961092337,0.00019181288235544308
Zm00001d008485,10,0.7045465820609903,1.2653919548891857,0.10555931252226868
Zm00001d042361,10,0.6930248557953,-0.37043294458093606,0.6457625520303618
Zm00001d049091,9,0.8063712626218045,0.034189506900886374,0.9702111514830104
Zm00001d015594,9,0.7984971809421458,-7.253086448301885,5.182798643564526e-08
Zm00001d019163,9,0.7889005110721213,0.41554182190192585,0.42984886797830985
Zm00001d010870,9,0.7858793456086112,0.3455587341090157,0.6417060364205927
Zm00001d031772,9,0.7539871757490973,-0.700488900066136,0.307300001184856
Zm00001d002475,9,0.7467191861216897,0.9493389024527414,0.0005639008233740545
Zm00001d009646,9,0.7331535385797404,-0.220273816446289,0.7088981878618528
Zm00001d017770,9,0.7285480845470111,1.9030273142834946,0.0010523263512246337
Zm00001d005456,9,0.7270336166925878,-1.1741467849018778,0.0003206354007112143
Zm00001d016553,9,0.7240724278764948,-1.1678736950404172,0.00025146897081001807
Zm00001d034829,9,0.7205660243842454,-1.6401537359623832,1.1560147570125135e-06
Zm00001d004331,9,0.716374600482789,2.736342200235899,5.505771453020644e-05
Zm00001d021731,9,0.713961344312919,1.344606485575298,0.0001175715173552953
Zm00001d013439,9,0.7039801161663864,1.6576521371129156,0.005443608631737531
Zm00001d008587,9,0.6892625160013465,0.4644576090571276,0.37515604655657886
Zm00001d045475,9,0.6841202577403008,-0.632617775139602,0.06674611800833502
Zm00001d008844,9,0.6780901660273311,-1.694906872345431,0.010980865324810659
Zm00001d018660,8,0.8555655991768331,0.7734722055270998,0.16176807373601548
Zm00001d022517,8,0.8016537860272641,-0.017608278525043364,0.9806091571635192
Zm00001d046616,8,0.7974125269785116,1.0185479153333743,9.977936042520415e-05
Zm00001d028659,8,0.7744547328422882,-4.731603974385141,7.43317702867625e-05
Zm00001d029098,8,0.7673835444335353,-2.2078603216430817,0.00010333675463295095
Zm00001d047749,8,0.7541814854661735,1.131353214192959,0.00014398673758007617
Zm00001d020763,8,0.7496985832223392,3.167788640375867,0.0003797865328803153
Zm00001d043850,8,0.7447857796286417,-0.7195386351574659,0.12671542661518562
Zm00001d036710,8,0.7339613737319822,1.7496745864791095,0.0001728565728279879
Zm00001d043982,8,0.7197062470953675,0.5964662338706975,0.4722489519268717
Zm00001d048763,8,0.7050852151821595,0.5964307109599202,0.0006781622122777925
Zm00001d042476,8,0.69565693207633,1.3697678772661026,0.00032162675041503836
Zm00001d025980,8,0.6795690888254301,0.8656183761626095,0.13712574015947948
Zm00001d023450,7,0.8119444592257927,0.9175651937061917,0.0003206354007112143
Zm00001d053074,7,0.7796674381453493,-3.835437653547933,1.5556133968190265e-06
Zm00001d034433,7,0.7579860570820582,1.5737315634810947,0.00012974175567021022
Zm00001d038003,7,0.7533379992325538,-1.377695633469252,0.021150784639759602
Zm00001d037708,7,0.7466562800304619,-1.4320940943569094,0.0007079915066957416
Zm00001d010662,7,0.7439349089648474,-0.9177844271338574,0.06459685565955824
Zm00001d002004,7,0.7400182966519981,2.1943022701074093,0.0034322289266422567
Zm00001d043872,7,0.7356878312697059,-2.7816666177556293,6.612817178047781e-05
Zm00001d013406,7,0.7353207911472848,0.34715168053831846,0.6283993651614822
Zm00001d027524,7,0.7219638488792829,0.026059419230654034,0.9769551139285941
Zm00001d008951,7,0.7160074140745409,0.273438949273561,0.6988905333984227
Zm00001d023384,7,0.7118482916220944,0.43647843585161195,0.4948775944040372
Zm00001d010618,7,0.6957858558963289,-0.6376380021057855,0.00061578105864512
Zm00001d024475,7,0.6921588142399971,-1.3815986704128893,0.04690344529332138
Zm00001d023887,6,0.8031162559247473,-0.47867059166269893,0.3978090414349868
Zm00001d023704,6,0.7861115546538425,-0.18072933888374285,0.8918003838677996
Zm00001d007444,6,0.7685939781448196,1.652622048340708,0.00602739236058779
Zm00001d037797,6,0.7607035986185882,1.5073057872288935,7.666299605907751e-05
Zm00001d047698,6,0.7301883996847209,-3.0514973751237817,3.152161729643397e-05
Zm00001d023410,6,0.7238044920905123,-1.891114503087913,0.0007301472785304075
Zm00001d026984,6,0.7216606230345032,0.9289887857438652,0.25015361265064456
Zm00001d047069,6,0.7175786442799209,2.058166844644593,0.0001851474356197371
Zm00001d026288,6,0.7076896550107267,0.7941515479404703,0.16631994421706456
Zm00001d038999,6,0.7010025170387647,-0.5434773255478,0.000258855532546426
Zm00001d035603,6,0.6995199962371916,-0.24435122358092173,0.6454787699571882
Zm00001d006921,6,0.6961012781521162,-1.4150972514461089,0.0005478644277601586
Zm00001d023277,6,0.6913433332202712,-0.6750332986788151,0.0006742512787461923
Zm00001d029091,6,0.6863207908469723,0.5562127564714214,0.5122587250278049
Zm00001d003515,6,0.6860019719115994,2.568818498213895,0.0006607752237178129
Zm00001d024596,6,0.6853001902351245,1.35764060800929,4.936966862288115e-05
Zm00001d028008,6,0.6799123275566711,-0.005087059285252011,0.9958857446286009
Zm00001d012982,6,0.6769417141274748,0.4001243469326645,0.5468568801020874
Zm00001d039364,6,0.6729766133409033,0.9158268197400279,0.1819668550665595
Zm00001d039370,6,0.670620933822967,-0.7907622930661196,0.15663792318479047
Zm00001d048949,5,0.7972233477002764,-1.166794405130135,0.02134642637527396
Zm00001d017613,5,0.7840573447651189,-0.2441896887696444,0.6737754331265225
Zm00001d006094,5,0.7755286354503802,0.4539691258211302,0.5677196816107115
Zm00001d044186,5,0.7711732985032204,0.39324594321077755,0.5973320457617398
Zm00001d044937,5,0.7674692225735857,3.4709970971324373,0.00036639364338569565
Zm00001d035662,5,0.7627900512580095,0.6206861430893005,0.15650605786931224
Zm00001d048789,5,0.7470303706733247,1.0986192089126572,0.042705966399315926
Zm00001d003822,5,0.7469275473952149,-0.04621934294662667,0.9619668155431262
Zm00001d041550,5,0.7441674518039915,0.17795056432764098,0.7181964024485156
Zm00001d002847,5,0.7434845832923215,-0.551748809633945,0.21749175723308584
Zm00001d003912,5,0.7414639153103146,-1.4816555625892371,8.868220241264783e-05
Zm00001d038523,5,0.7379750219029814,0.46013456738868747,0.5193741289626347
Zm00001d043912,5,0.7259703115512116,-0.27826206336102555,0.5691482758716433
Zm00001d043649,5,0.7239443249930538,-0.10153941744805012,0.9359617465038426
Zm00001d051419,5,0.7235063059828887,0.6715922095417143,0.28211647287896624
Zm00001d011073,5,0.7199423683352507,0.22088779709920975,0.6726113221372125
Zm00001d048363,5,0.7148727939124837,-1.499042669145467,1.6827707009147536e-05
Zm00001d005920,5,0.7142065195496844,-1.6111166087746982,0.0001427411422305513
Zm00001d008468,5,0.7121952124394545,0.8271663565662795,0.2858354572435756
Zm00001d028868,5,0.7114890254216242,-1.1326982292374432,2.2341844871111662e-05
Zm00001d018746,5,0.7031524765997633,-1.7872652166445124,0.005313835451165706
Zm00001d019181,5,0.7030611439119858,-1.0043271841600692,0.0001318292852246525
Zm00001d002266,5,0.7005554661022563,-1.1242428015579617,0.00023714340103583767
Zm00001d020227,5,0.6991676655117028,1.2415540167831318,0.034570116474697564
Zm00001d017642,5,0.6958472102963823,-1.1372595670130443,0.0002364822473499627
Zm00001d049100,5,0.6925043497565891,-0.9602851245250023,0.0003206354007112143
Zm00001d034617,5,0.6914829946835759,-0.5080169553614086,0.0006229298581461653
Zm00001d038720,5,0.6888371727652314,-1.4539094073508634,0.0051563514123207236
Zm00001d033110,5,0.687725677151625,1.7002064013905012,6.107192518252437e-05
Zm00001d024745,5,0.6869877440194222,-1.884290599043111,2.6967764473163522e-05
Zm00001d029841,5,0.6853161906983231,0.0029192294144753704,0.9978752245408814
Zm00001d017199,5,0.6829762321738055,-1.1831864851331158,0.012341442107899836
Zm00001d011920,5,0.6825615142468409,0.44552109058397504,0.44199391817737976
Zm00001d002020,5,0.6823921002323187,-0.9004915811939672,0.00032510652759990406
Zm00001d017689,5,0.6802352331789273,0.6988896688936038,0.0006818108486066661
Zm00001d038664,5,0.6798786208657746,-2.515322492078438,0.002802400533926424
Zm00001d003304,5,0.6793678692853446,-2.3263506355035624,6.075521196048747e-07
Zm00001d042977,5,0.6689251119566675,0.6063216439616192,5.788487858543744e-05
Zm00001d028780,4,0.856727306292489,1.4910225046009267,0.00048664583425014007
Zm00001d014769,4,0.8100322849223848,0.27094335677305986,0.8145180255515737
Zm00001d029088,4,0.7938685096184973,0.9155459935356327,0.16348205639406926
Zm00001d043654,4,0.7678205554789699,2.349863509689073,0.00031750260621391186
Zm00001d034460,4,0.7638708634168954,1.160001972424826,0.03033581598170629
Zm00001d026300,4,0.7380084145424562,-2.220492122101131,3.578125575222722e-06
Zm00001d027763,4,0.7370964081976367,1.3899826569307288,0.00041025126768976476
Zm00001d000228,4,0.7328255016872801,0.9628323708504741,0.21491246564597763
Zm00001d011638,4,0.7308800898623313,-0.8138011943907715,0.08764755726796143
Zm00001d038867,4,0.730768134839109,-4.441202566212539,0.00041495163333136
Zm00001d042143,4,0.7205010225061179,1.9129910858992583,2.4578891415561775e-05
Zm00001d008245,4,0.7154190719017186,0.847423062825331,0.10244748380204177
Zm00001d009118,4,0.7138328556137158,-1.7869815927565689,0.00032604036742813896
Zm00001d005018,4,0.7128314560956469,0.8940369393160393,0.060128405233704336
Zm00001d045124,4,0.7115650391293772,-0.9262699636220924,0.0006735013243966899
Zm00001d040651,4,0.705048391981324,-1.3367112685865716,0.0006425463069788857
Zm00001d010854,4,0.7007361562330275,3.4619078908466654,7.400512076868481e-07
Zm00001d022475,4,0.6999500250885397,-0.5266542769357168,0.34648173625794865
Zm00001d042279,4,0.6996556104999955,1.1298591356793277,0.0165161913423459
Zm00001d036224,4,0.6981583321176698,-2.650398395587758,7.084529614433722e-05
Zm00001d044967,4,0.6976553589485711,-2.8537097344484965,2.111576490665895e-05
Zm00001d017202,4,0.6926797449337014,3.109729057599408,4.253148098392024e-05
Zm00001d019724,4,0.6924259554379039,-0.976017419877584,0.10533044403195424
Zm00001d004443,4,0.6917248375825487,-1.8271793397461515,0.00013723050561674982
Zm00001d051362,4,0.6864808192815188,-0.41577972536528274,0.551547671809688
Zm00001d024713,4,0.685482268902006,1.0751523989155332,0.10590439387106194
Zm00001d007825,4,0.6845556807363113,0.28103598463795243,0.7120774539953614
Zm00001d037355,4,0.6777235707242824,-1.5293552730926117,0.10357879244355248
Zm00001d017103,4,0.6722394750725375,-0.5815511673034479,0.00027078837651939834
Zm00001d038756,4,0.6627195690702737,-0.3956000477865691,0.36070384241390696
Zm00001d016727,3,0.782819845373582,-2.1258242125665032,0.04599666500949287
Zm00001d026156,3,0.7649560605464959,-1.0791511080842737,0.024677574286553303
Zm00001d037652,3,0.7321142179819216,-2.724175637686747,2.1156830686683152e-05
Zm00001d036575,3,0.7304600169425709,-2.3131662108619797,0.00023747486473132482
Zm00001d029994,3,0.7243817000760813,-1.3105615853588382,0.02445063395493488
Zm00001d023395,3,0.7222126915413374,0.05820702962616393,0.9350848780057258
Zm00001d040027,3,0.7212677466586702,0.673645514108329,0.39728599916521395
Zm00001d039826,3,0.7154283586256015,0.5547093382884902,0.4762595041502108
Zm00001d006795,3,0.7132178380843895,1.1076048082081342,0.07146995755124953
Zm00001d019228,3,0.7123767279002879,0.719899059442133,0.3038073495721759
Zm00001d020835,3,0.6983538826583051,1.3239158884334654,0.00023714340103583767
Zm00001d033633,3,0.6970982145062079,0.06383058255349086,0.9341233510321257
Zm00001d026528,3,0.6955490461160884,-0.0939212310057592,0.9207864880336174
Zm00001d044906,3,0.6851088961747297,-0.26455030900383636,0.671213242560575
Zm00001d053442,3,0.6847309350500315,-0.6805399152051398,0.22071209100526815
Zm00001d026194,3,0.6810407708824177,-0.6529686000794787,0.14349788444319414
Zm00001d041583,3,0.6806789996821856,1.6092078476761627,0.043833783886394244
Zm00001d040852,3,0.6772409947206305,-4.241056052320559,3.6210376093980807e-07
Zm00001d044300,3,0.6693373477911864,-0.26562981341849823,0.6282901822375502
Zm00001d000508,3,0.6687339760769784,-0.27052262307115965,0.6258060107587308
Zm00001d011152,3,0.6640546313515734,0.6523134550077954,0.2225931866894741
Zm00001d044323,3,0.6639259489523929,-2.256133480490398,0.0007079915066957416
Zm00001d044951,3,0.6624721644075227,0.2002589209865648,0.8125738505993423
Zm00001d029699,3,0.6606875574106795,0.0074550736963426255,0.9946021492807471
Zm00001d018781,3,0.6606748308040212,0.8772446192237282,0.07495532374001171
Zm00001d038712,3,0.657916766941021,1.555394939330261,0.00032592182440200436
Zm00001d041977,2,0.7638557890660116,-0.15189720493087805,0.9156161135571929
Zm00001d021583,2,0.750076107893851,1.5615357639483682,0.0006032504294389558
Zm00001d017425,2,0.7492035345058784,-0.9449868683840108,0.06013637093473144
Zm00001d044765,2,0.7473055852851069,0.030556067698968604,0.9805276119203747
Zm00001d038819,2,0.7472055168214048,1.3375141854280947,0.051267835412041975
Zm00001d013003,2,0.7416447596388874,-0.2718413900592369,0.6700616994386848
Zm00001d008527,2,0.7179477710698771,0.7272677929145377,0.1720296647988088
Zm00001d042888,2,0.7163038437103958,-0.44112499515567904,0.47675792497440983
Zm00001d042104,2,0.7116512897618081,-0.17880017564676823,0.8069447652615908
Zm00001d043628,2,0.711030281750218,0.37196840139002546,0.5542070157179294
Zm00001d003306,2,0.7086794463518907,-0.20170601651757566,0.7527880565087248
Zm00001d048948,2,0.7078958541199328,0.5287294614128868,0.46507616461386975
Zm00001d042106,2,0.7066009210554374,-0.26042178270626665,0.8180372171294373
Zm00001d024669,2,0.7065797687460893,-0.4447775689208591,0.5368364269323035
Zm00001d000502,2,0.7065205339321181,-0.17807548489775404,0.8124885709646994
Zm00001d013182,2,0.7063997246906136,1.4804413985022713,0.00024082826221693226
Zm00001d024960,2,0.7053685531440634,-0.7514939348334913,0.08023039642992713
Zm00001d031047,2,0.7029719856715057,0.10531016408122615,0.8924068787382781
Zm00001d045021,2,0.7018536177137745,0.44714031755899736,0.4001932467140604
Zm00001d019565,2,0.6879101455889628,0.7736948544698827,0.17784947392200917
Zm00001d024751,2,0.68238835959006,0.7318604222463819,0.17710891468778706
Zm00001d003493,2,0.6821815586068078,0.948718065656958,0.0626639470175485
Zm00001d038926,2,0.6819535001825784,-2.737356802250353,5.9662536080005e-08
Zm00001d021259,2,0.6815550901759004,-4.133322931115364,0.0005639008233740545
Zm00001d020140,2,0.6789240539921874,1.6039223540775798,0.021550949581210833
Zm00001d003945,2,0.6776295015402242,0.7346974938353985,0.13756421486056222
Zm00001d008620,2,0.6750774767040248,0.6799444748619827,0.14967665371194028
Zm00001d018229,2,0.6746180215926412,-1.5782903128670247,0.00429395819553763
Zm00001d038564,2,0.6733201912594248,-0.2371248621086886,0.7828162829252499
Zm00001d006596,2,0.6732225379184673,1.2099950793264582,0.0001018664040409299
Zm00001d028229,2,0.6697170744309724,-3.5615783227888453,1.945264105326891e-06
Zm00001d007363,2,0.6686210001552071,-1.2906240529864075,0.020751884828836442
Zm00001d030902,2,0.6675303383135484,0.9353884412958062,0.24236504743631473
Zm00001d039310,2,0.6673802778554072,0.0681981245907634,0.9360011351268628
Zm00001d049083,2,0.6664626735706325,-0.8872892405421346,5.769037233919353e-06
Zm00001d015333,2,0.6655853330091758,-4.697578875684458,3.940461938258061e-07
Zm00001d034385,2,0.6643491012701587,0.05190975237115448,0.9581710441683704
Zm00001d046655,2,0.6632285341820854,-1.1906719793735967,0.03538281736641676
Zm00001d039496,2,0.6583205892687878,0.8537460633326032,0.0902258618701047
Zm00001d013804,2,0.6575444017924529,-1.949965493555023,2.4694072687611394e-05
Zm00001d007424,2,0.6571451543238449,0.09566075184622963,0.9214940790296754
Zm00001d012383,2,0.6551084556855309,1.4939610192188988,0.015523793188195238
Zm00001d026312,2,0.6539123008012899,-0.13130448233208186,0.840743551620792
Zm00001d018893,2,0.6534742745952099,-3.2772048188366902,9.629831065457434e-05
Zm00001d002898,2,0.6499307197809908,-1.2724684319469033,0.01809552780671049
Zm00001d020136,2,0.6487446722041385,-0.43705050918470867,0.0006206271065490064
Zm00001d012690,2,0.6470573818865233,1.6222959104475312,0.0004688060129562676
Zm00001d046112,2,0.6451809383109111,0.4365496132190025,0.38656048835353324
Zm00001d000909,1,0.7927264409598326,0.974380424875829,0.25298029338873557
Zm00001d049254,1,0.7600840547456119,-5.900540544625559,3.737773880814371e-08
Zm00001d038791,1,0.7478894152591131,-0.007995265953839781,0.9920142149314027
Zm00001d006168,1,0.7330948533454713,-0.7126942570957072,0.0003572113138246403
Zm00001d034839,1,0.7306848291876178,-1.6940974883062156,0.00026398024645320846
Zm00001d006056,1,0.7303686678331155,2.615419786860015,8.010756186620902e-05
Zm00001d048625,1,0.7296997987788842,-4.47037195227979,5.182798643564526e-08
Zm00001d047765,1,0.7276523737729913,0.6372115524931227,0.22364840755597418
Zm00001d048334,1,0.7223452319139491,-1.8233651702352363,9.86861046525741e-05
Zm00001d052434,1,0.7183844370134339,-0.02645030686881017,0.9749834000299666
Zm00001d052014,1,0.7165185354510117,-0.22663193035052215,0.8157211736691042
Zm00001d013259,1,0.7068328982806563,0.40242842510177845,0.5207484470267318
Zm00001d008477,1,0.7061534755937369,-2.32353778590749,1.764306755029081e-05
ENSRNA049477136,1,0.7016024281091547,0.4873988719161303,0.5650834782542454
Zm00001d025644,1,0.7004658166933563,-0.3237388824931488,0.6649794533211104
Zm00001d025665,1,0.6997247796788445,-0.34754634328398487,0.5539323802893005
Zm00001d047917,1,0.6991434689083861,-0.083301347709668,0.922889644953444
Zm00001d053816,1,0.6949776324858429,-0.8618017217246136,0.11371831967410162
Zm00001d014933,1,0.6938268564214477,2.8218235498810302,0.00032162675041503836
Zm00001d026413,1,0.6938174034594776,-0.9868390939168225,0.22446074836342308
Zm00001d019237,1,0.6917173539721392,-0.03402816070922792,0.9745369173074183
Zm00001d038542,1,0.6914727179953288,1.8349634593647834,1.668624166822935e-06
Zm00001d009502,1,0.6904748417829895,-0.5256677599912994,0.42031555708615403
Zm00001d008567,1,0.6887267488174036,-0.08181226404186817,0.9001049728302616
Zm00001d025509,1,0.6869024241225995,0.04654699949505505,0.9524598205910649
Zm00001d008256,1,0.6863562471539303,-0.06729319112317983,0.933491566903036
Zm00001d013596,1,0.6861437311081946,0.4104710189576529,0.5720866417554601
Zm00001d038857,1,0.6847556896364059,-1.704153262495438,0.0001693661944371913
Zm00001d012667,1,0.6840499360427568,-1.0681510212653889,0.005519593061129987
Zm00001d014732,1,0.6826199021477265,-0.29866715644624986,0.7120774539953614
Zm00001d040075,1,0.6822902897470376,-0.6050446897923436,0.2958078370278373
Zm00001d020471,1,0.6821720647722578,-0.5148234642534116,0.5934451780626465
Zm00001d037194,1,0.6820369719941796,0.25057166730975766,0.6949362384477609
Zm00001d005351,1,0.6818678950579642,-0.6591826025463732,0.1961027106603186
Zm00001d026573,1,0.6818269928574839,0.35398742542267014,0.41077575402645483
Zm00001d036647,1,0.6815591041761982,2.4218590994243483,0.0001018664040409299
Zm00001d043831,1,0.6803332019688411,-2.097580581913344,1.734558636539013e-06
Zm00001d020425,1,0.6783205947627112,-1.0032431830981023,0.1114955271183731
Zm00001d013907,1,0.677681836926181,-1.201355414524743,0.03095278332757905
Zm00001d001841,1,0.6764301426519417,0.056579666277771896,0.9553781392965743
Zm00001d035178,1,0.6745083440001881,-0.2979509080573976,0.7109456602428395
Zm00001d019312,1,0.6729166075863572,-1.3555684793694365,0.011193446089993201
Zm00001d043419,1,0.6720785020506276,0.869157362852772,0.08221744362717837
Zm00001d003712,1,0.6715623171641756,0.9029852842816636,0.031207136056468382
Zm00001d003492,1,0.6685639449327624,-0.3613797655469563,0.5624846246776893
Zm00001d045386,1,0.6675611162500894,1.640563886924293,0.006268721979729029
Zm00001d047787,1,0.6665315881794197,0.08611367269858639,0.8961431024170284
Zm00001d035683,1,0.6664022556787527,-1.8046752865174789,0.0008907775633076094
Zm00001d003524,1,0.6643586129383001,0.015557819903631314,0.9853185871599729
Zm00001d012801,1,0.6630496301447472,-0.5740854695871351,0.5134573887277695
Zm00001d017033,1,0.6627667918904384,-0.00019014374027620396,0.9998108346780541
Zm00001d043151,1,0.6617912886381121,1.315714053443251,0.09168468896462169
Zm00001d032197,1,0.6617607395073958,1.1574868296159677,0.039739866256328985
Zm00001d038050,1,0.6600880654220209,1.0620126935446603,0.07204662803809485
Zm00001d016679,1,0.6593521571104467,-1.7949651311273702,0.0018360197481776313
Zm00001d002458,1,0.6589324444403529,0.4658497295111683,0.5750040716376662
Zm00001d029706,1,0.6579693272859012,-0.0657908797873572,0.9283949569866865
Zm00001d026792,1,0.6563561858407462,-2.025826723392104,0.05157910829391544
Zm00001d008909,1,0.6553137937048626,-0.17375960380432703,0.840743551620792
Zm00001d003452,1,0.6547061835446379,-2.817451121735938,0.0012336605359211333
Zm00001d013035,1,0.6539109524837469,0.6290111952546585,0.22864941592101945
Zm00001d018370,1,0.6534014004056458,-0.8277870310939158,0.16283373355202194
Zm00001d029183,1,0.6531208442577978,-0.23147132664841052,0.7992849477768059
Zm00001d021708,1,0.6530896132463839,0.15608744750385323,0.816302774767174
Zm00001d047998,1,0.6528160828657351,0.3291133047084163,0.7211713810257956
Zm00001d045597,1,0.6524514872411028,0.3916013325672261,0.626148088408408
Zm00001d034986,1,0.651658105562547,0.18160890617140227,0.8462760608395469
Zm00001d043341,1,0.6513752932829107,-2.045124043157371,0.014932127759300758
Zm00001d033840,1,0.6492994584988324,-0.6966466229026329,0.14707404479983469
Zm00001d046225,1,0.6489808358008848,1.3820202578290735,0.04883508615730767
Zm00001d029756,1,0.6484241108930638,0.684479649125617,0.2688456593874106
Zm00001d014066,1,0.6482193260562371,-0.9948632404462596,0.06548658836369299
Zm00001d038764,1,0.6470244707559988,-1.0909840442079453,0.039999198217769975
Zm00001d029164,1,0.646920719228894,-0.02346738944667779,0.9773279161707772
Zm00001d009883,1,0.6464073567772993,0.05895547678796793,0.9458077542029416
Zm00001d021119,1,0.6463943474105642,-0.4867835897675728,0.38174366211508537
Zm00001d005193,1,0.6460638079187776,0.2726717741501296,0.6476396601694169
Zm00001d048020,1,0.6459201129035802,-1.131202528490484,0.005687801650859104
Zm00001d035579,1,0.6456322371303307,0.23942405303136394,0.755485169205871
Zm00001d007687,1,0.645427079497603,-0.039468153627751426,0.9604918031904506
Zm00001d051609,1,0.6446677389566102,1.2360331892969716,0.039431193895975554
Zm00001d031345,1,0.6446086485527213,-1.215774487272017,0.06745040440028638
Zm00001d024143,1,0.6443725414625153,0.6655569591523637,0.4707968867608094
Zm00001d008386,1,0.6440831164247233,0.8167724450200787,0.0006818108486066661
Zm00001d023327,1,0.6433014688942539,-0.5228923128288367,0.513568899872826
Zm00001d004407,1,0.6431201141749157,0.1552847198749687,0.8690322195699638
Zm00001d052212,1,0.642603441434638,-2.173187058758678,0.00017370495627333586
Zm00001d039914,1,0.6425650441812754,-1.1769008974213366,0.02055443876867592
Zm00001d037674,1,0.6425000831239712,-1.2542231729629483,0.037909416198327196
Zm00001d011604,1,0.6416298537402906,1.0930631235875836,0.1383355918418646
Zm00001d039617,1,0.6406617280438909,0.2209968847268071,0.7926256396216718
Zm00001d005779,1,0.6406095057145635,-0.8515668797473998,0.19299022366931745
Zm00001d039098,1,0.6402755737846302,0.827613993181259,0.08952006840275528
