Gene,n_links,max_r
Zm00001d035212,670,0.8284821309712449
Zm00001d036956,636,0.8779827054453558
Zm00001d007768,610,0.8934430826327007
Zm00001d035381,552,0.8589555399268561
Zm00001d022060,524,0.8981992841798566
Zm00001d053997,518,0.8477332575851192
Zm00001d045951,514,0.8342305723609044
Zm00001d047366,486,0.877447214885758
Zm00001d031323,485,0.9176921186336702
Zm00001d044442,482,0.8828999181663417
Zm00001d018786,474,0.8630495755848088
Zm00001d049769,455,0.8461999706195137
Zm00001d034496,425,0.8562696095482365
Zm00001d045497,413,0.8712631952415205
Zm00001d002836,412,0.8734307823274463
Zm00001d013565,397,0.8840210110233516
Zm00001d027967,395,0.8204011839180384
Zm00001d018297,387,0.832331094221371
Zm00001d048083,377,0.8598146283745863
Zm00001d043762,360,0.8828062113546956
Zm00001d009844,348,0.8695375970248024
Zm00001d006196,345,0.8371380993626272
Zm00001d033109,339,0.8691372390045753
Zm00001d026445,338,0.854651907903986
Zm00001d037388,336,0.8841084388204329
Zm00001d042727,332,0.9009927841886275
Zm00001d034359,329,0.9454029938236584
Zm00001d026448,325,0.8319896212629573
Zm00001d012708,303,0.8373198030827602
Zm00001d012140,291,0.9104791165860249
Zm00001d026671,291,0.8296017518490565
Zm00001d029342,280,0.8659721195239058
Zm00001d021879,275,0.8708741793653215
Zm00001d000294,270,0.866668208514825
Zm00001d013429,268,0.9101430666734133
Zm00001d013385,267,0.8799483029648102
Zm00001d016271,261,0.8980910324538125
Zm00001d042969,260,0.8854813634743682
Zm00001d046455,259,0.8479596670956091
Zm00001d008619,258,0.8845274689084721
Zm00001d016956,253,0.8672616453505578
Zm00001d051238,253,0.8468044382238918
Zm00001d053715,250,0.7966854639105277
Zm00001d035413,249,0.8606680974103251
Zm00001d039982,244,0.8229379124230604
Zm00001d015293,244,0.7873753793305969
Zm00001d051288,238,0.8554225608236145
Zm00001d022619,237,0.8376973479040681
Zm00001d008283,236,0.8648049352651981
Zm00001d001773,235,0.7969970471737007
ENSRNA049475596,226,0.850482821570419
Zm00001d036543,226,0.8095305870901462
Zm00001d019221,224,0.810833965854806
Zm00001d027570,223,0.7962454642507786
Zm00001d032989,222,0.8193566840274245
Zm00001d045540,220,0.8244990778072282
Zm00001d034497,219,0.8995703756662721
Zm00001d037233,219,0.8827849325278176
Zm00001d034624,212,0.8792632535259411
Zm00001d012476,212,0.8597383798815038
Zm00001d026387,206,0.8997997204115312
Zm00001d051424,205,0.8294551078845189
Zm00001d039099,201,0.8934679702888834
Zm00001d038703,199,0.8203875381609584
Zm00001d045667,197,0.828269252527567
Zm00001d022354,195,0.8198790233366559
Zm00001d044382,194,0.8533332982760757
Zm00001d044172,193,0.8443786235260858
Zm00001d006016,193,0.8399911009586724
Zm00001d016918,193,0.8296183566900178
Zm00001d023617,193,0.8095709412253118
Zm00001d018036,188,0.8211768616692765
Zm00001d013276,186,0.8607645610059899
Zm00001d021070,185,0.7972128596663347
Zm00001d013635,183,0.826065764205875
Zm00001d046722,181,0.8365917439850764
Zm00001d019734,180,0.8448432446067567
Zm00001d023579,179,0.8359372048217021
Zm00001d006610,178,0.8356098581710637
Zm00001d011253,178,0.8265201822870953
Zm00001d042779,178,0.8139009436931537
Zm00001d015429,176,0.8140667840917373
Zm00001d017101,175,0.8475708666478343
Zm00001d027283,173,0.8487179136527211
Zm00001d008890,171,0.8271077364069501
Zm00001d023371,169,0.8478360513063206
Zm00001d023431,167,0.821474426217057
Zm00001d037343,164,0.7811187543595174
Zm00001d052010,163,0.7864696900210641
Zm00001d043480,159,0.8157735887593119
Zm00001d026284,158,0.7885891627214672
Zm00001d043178,156,0.8022260872584099
Zm00001d024016,154,0.8145289718130336
Zm00001d008752,154,0.7728660673101145
Zm00001d018699,154,0.7712240008196474
Zm00001d017501,153,0.8470814455261645
Zm00001d027655,153,0.8229484305061034
Zm00001d051913,153,0.8146168548241761
Zm00001d007442,152,0.859589091963386
Zm00001d033130,151,0.8487741101008612
Zm00001d029353,151,0.8292645736422254
Zm00001d014559,150,0.8681402797706629
Zm00001d044497,149,0.830669868317942
Zm00001d009938,149,0.8150782023596903
Zm00001d014953,147,0.8461517885443236
Zm00001d005743,147,0.8299249990055846
Zm00001d032268,147,0.7686690292420235
Zm00001d027257,145,0.8850601597595105
Zm00001d035420,139,0.8794089601349131
Zm00001d026634,139,0.8373194736544239
Zm00001d023529,137,0.8257348833039834
Zm00001d043994,134,0.8377331465228092
Zm00001d031817,134,0.8049878751992185
Zm00001d045581,133,0.8347578089659763
ENSRNA049474888,132,0.8641010848592949
Zm00001d016866,132,0.8150368767461248
Zm00001d024936,129,0.8460503850773677
Zm00001d007500,129,0.8230052119979064
Zm00001d007272,128,0.8493949425756526
Zm00001d049390,128,0.8248221759091229
Zm00001d026479,128,0.804758675007804
Zm00001d053409,128,0.7987354755774917
Zm00001d043752,127,0.8546233873176586
Zm00001d006088,122,0.7847304119520534
Zm00001d014019,120,0.8487036156607863
Zm00001d037004,118,0.8130551991651687
Zm00001d021582,118,0.8076235949208326
Zm00001d027803,114,0.8117135572556621
Zm00001d041715,112,0.8779650593836311
Zm00001d051873,111,0.8225158195768493
Zm00001d021574,111,0.8195672424850955
Zm00001d046263,111,0.798047856557838
Zm00001d028596,111,0.787621601001435
Zm00001d035367,110,0.9053114219602514
Zm00001d027291,110,0.8490703380969798
Zm00001d040748,110,0.7621859960120513
Zm00001d047300,109,0.8179228161805621
Zm00001d005308,109,0.7929974645458546
Zm00001d023213,108,0.8214411503467233
Zm00001d052220,107,0.7573528643023155
Zm00001d009553,106,0.9130219435711884
Zm00001d051563,106,0.7986654473002264
Zm00001d050218,106,0.7859547223486661
Zm00001d039280,106,0.782522702981667
Zm00001d002437,105,0.7813140728826297
Zm00001d036136,104,0.7620209840278864
Zm00001d011610,102,0.8668381109362593
Zm00001d044774,102,0.8130560399023549
Zm00001d034671,101,0.8082399277576683
Zm00001d000077,100,0.7910419464123165
Zm00001d009163,100,0.7658140772081701
Zm00001d017985,100,0.7602600900669337
Zm00001d053453,99,0.8244170364094932
Zm00001d043560,99,0.7968436631450633
Zm00001d020951,97,0.8554874662528895
Zm00001d037760,97,0.8146574537450794
Zm00001d015032,97,0.8035526122608655
Zm00001d000553,97,0.7842700019519522
Zm00001d007760,97,0.7841295251087451
Zm00001d040357,97,0.7840368360785699
Zm00001d026580,97,0.7669961745652476
Zm00001d033259,96,0.8062013084363131
Zm00001d004168,94,0.8864132774370597
Zm00001d029448,94,0.7895333433788626
Zm00001d054070,93,0.8252690925514173
Zm00001d006711,93,0.7819976933127457
Zm00001d011543,93,0.7798876282250308
Zm00001d053070,92,0.8190187803232039
Zm00001d029680,91,0.8073806511845434
Zm00001d044650,91,0.7723443101572254
Zm00001d031309,90,0.8725569347402135
Zm00001d049954,90,0.8611152801162493
Zm00001d050775,90,0.8214992601442807
Zm00001d037557,90,0.7872744375656655
Zm00001d013705,90,0.7744100753080343
Zm00001d016551,88,0.8092389967261895
Zm00001d048950,87,0.8429054208358628
Zm00001d028400,87,0.8151284689062446
Zm00001d003508,87,0.7996669104138904
Zm00001d023481,87,0.7560883794223844
Zm00001d029048,86,0.7574707762174558
Zm00001d004681,85,0.8677476392561019
Zm00001d043767,85,0.803743189060595
Zm00001d035926,85,0.7979345625939085
Zm00001d051687,85,0.7822972481332762
Zm00001d051592,84,0.8270232852836343
Zm00001d049469,84,0.7720716758302865
Zm00001d033149,84,0.7591776932942494
Zm00001d020429,83,0.9045140844587476
Zm00001d040050,82,0.7955164554864236
Zm00001d000116,82,0.7787726507136861
Zm00001d036700,82,0.7499292561784383
Zm00001d023713,80,0.7788674559794053
Zm00001d037200,80,0.747818711201708
Zm00001d043165,79,0.8209725053242294
Zm00001d034404,79,0.7882601765870489
Zm00001d032428,79,0.775465949188234
Zm00001d033139,79,0.7605116678701506
Zm00001d046772,78,0.8624185689253778
Zm00001d027454,78,0.820652129219237
Zm00001d004804,78,0.8189069660651629
Zm00001d051900,78,0.795278340506302
Zm00001d043904,77,0.8160353400181677
Zm00001d051310,77,0.8017082362621099
Zm00001d031332,76,0.8090631177464549
Zm00001d018298,75,0.8405302711440416
Zm00001d015224,75,0.8345182472646399
Zm00001d048373,75,0.8064215385874586
Zm00001d021051,75,0.7949410428430356
Zm00001d002132,75,0.7914856947746813
Zm00001d014138,74,0.8253637696343677
Zm00001d031586,74,0.8061093625392549
Zm00001d038051,74,0.8054617560477962
Zm00001d048604,74,0.7990380836520569
Zm00001d018870,74,0.784681373839727
Zm00001d033710,74,0.7747849357359246
Zm00001d039350,73,0.8432651729213186
Zm00001d028835,73,0.8187239111386948
Zm00001d051267,73,0.778923500785281
Zm00001d020685,72,0.8037064926110311
Zm00001d006771,72,0.7492549823374618
Zm00001d020506,71,0.7803497190012553
Zm00001d028366,71,0.7788282015440747
Zm00001d034801,71,0.7621484949445594
Zm00001d053966,71,0.7577062470641461
Zm00001d041608,70,0.8278042071754812
Zm00001d042035,70,0.81301337501021
Zm00001d003491,70,0.8054869829338923
Zm00001d030670,69,0.8989058291028243
Zm00001d033935,69,0.8327103183979708
Zm00001d028074,69,0.7989453467604583
Zm00001d038288,69,0.7796711360101646
Zm00001d040304,68,0.7938046551184545
Zm00001d020607,68,0.770915554433255
Zm00001d001864,67,0.8430516751847615
Zm00001d009085,67,0.7986288899011473
Zm00001d023216,67,0.7827367068151273
Zm00001d011828,67,0.7747024450521206
Zm00001d027325,66,0.7681031963892976
Zm00001d003352,65,0.8834157461087758
Zm00001d050089,65,0.8015973139178562
Zm00001d048662,65,0.7955062540975061
Zm00001d009727,65,0.7915396776751621
Zm00001d015050,64,0.7682824815530722
Zm00001d028923,63,0.8412363715418227
Zm00001d006010,63,0.7976544847474895
Zm00001d032902,63,0.793775475665917
Zm00001d003950,62,0.7933150338137144
Zm00001d029052,61,0.8226361233107672
Zm00001d048044,61,0.809411265439078
Zm00001d037542,61,0.8002405428197121
Zm00001d012472,61,0.7873784284879566
Zm00001d046961,60,0.8280063649592069
Zm00001d032668,60,0.8165211104202434
Zm00001d043856,60,0.7932354709235674
Zm00001d005489,59,0.8344751130574697
Zm00001d027841,59,0.8254124738886488
Zm00001d028718,58,0.8460444437576352
Zm00001d042150,58,0.8348384773634989
Zm00001d002974,58,0.7865537033059681
Zm00001d021754,57,0.7885370942311699
Zm00001d000195,56,0.8194551569072014
Zm00001d043418,56,0.7760440537762647
Zm00001d036800,56,0.7666047682600623
Zm00001d001856,55,0.8411674017784232
Zm00001d045488,55,0.8050346546471115
Zm00001d043986,54,0.8231598494727698
Zm00001d016591,54,0.7858424877999279
Zm00001d046831,54,0.784201003138104
Zm00001d036761,54,0.7685137106590062
Zm00001d007462,54,0.7611137928330538
Zm00001d015886,54,0.7463594638219888
Zm00001d044748,53,0.8529343671467422
Zm00001d024700,53,0.8166832783162217
Zm00001d008800,53,0.7579027766168774
Zm00001d013516,52,0.8184736560336863
Zm00001d028109,52,0.8017506613261692
Zm00001d048466,51,0.799477770228711
Zm00001d038954,50,0.7901585214530815
Zm00001d037228,50,0.7623412704324877
Zm00001d006125,50,0.7550518666190357
Zm00001d006419,49,0.758290376454688
Zm00001d036765,48,0.8569354904406733
Zm00001d027290,47,0.797768736204581
Zm00001d035428,47,0.7900698207112273
Zm00001d033948,47,0.769261639871358
Zm00001d031898,47,0.759564650094628
Zm00001d036973,46,0.7840156841168007
Zm00001d008462,46,0.7820818991537014
Zm00001d026269,46,0.726639910332569
Zm00001d047522,45,0.8445894169834497
Zm00001d039991,45,0.8244270095289074
Zm00001d029852,45,0.7727737797853497
Zm00001d045220,45,0.7540607087271826
Zm00001d021726,45,0.7529971942332921
Zm00001d011299,44,0.793625401819546
Zm00001d052767,44,0.7878256848862382
Zm00001d021662,44,0.7671466686073214
Zm00001d039407,44,0.7503716536891197
Zm00001d049061,43,0.8087197456676151
Zm00001d032504,43,0.7884151201228197
Zm00001d003148,43,0.7625666185311492
Zm00001d017068,43,0.727487049108338
Zm00001d035356,42,0.8790986169610181
Zm00001d041225,42,0.7914878293130144
Zm00001d012882,42,0.7795398407394724
Zm00001d039640,41,0.8368230179439776
Zm00001d031648,41,0.7800738199593645
Zm00001d033607,41,0.7764837232570504
Zm00001d034823,41,0.7744737049416242
Zm00001d044986,40,0.8351196631970197
Zm00001d018428,40,0.8193992449371148
Zm00001d029525,40,0.7995356372124056
Zm00001d020694,40,0.7354809537112142
Zm00001d045778,40,0.7306315481300483
Zm00001d003693,39,0.8769696840332237
Zm00001d029075,39,0.8028569582055683
Zm00001d001858,39,0.7776366017206476
Zm00001d003301,39,0.7671206845786638
Zm00001d012387,39,0.7571060821054053
Zm00001d047234,38,0.8411194154206658
Zm00001d013294,38,0.8074993589136684
Zm00001d048859,38,0.7847867846048318
Zm00001d047833,38,0.7532360921811704
Zm00001d029490,37,0.8145553806761318
ENSRNA049475591,37,0.7929261341142678
Zm00001d051125,37,0.7399726416972784
Zm00001d020954,36,0.8540574856584587
Zm00001d001770,36,0.7984273664686685
Zm00001d030937,36,0.7786733881531991
Zm00001d001774,36,0.7773706294352135
Zm00001d038908,36,0.7566662757973733
Zm00001d012939,36,0.7552861922109625
Zm00001d018701,36,0.747328772555614
Zm00001d028004,36,0.7368468756935581
Zm00001d039384,35,0.7721980686633334
Zm00001d007349,35,0.7524990873846608
Zm00001d031258,35,0.7431403959283173
Zm00001d029703,35,0.7319290034030373
Zm00001d034872,34,0.8701689367409777
Zm00001d031677,34,0.781820594640002
Zm00001d052261,34,0.7629655678511852
Zm00001d017112,34,0.7615681907996797
Zm00001d018220,34,0.7436318438992032
Zm00001d020614,34,0.7329641457835675
Zm00001d023635,34,0.7243839011147125
Zm00001d044534,33,0.8215236073034423
Zm00001d037160,32,0.8373918779423093
Zm00001d039417,32,0.836200432477159
Zm00001d032220,32,0.7812487085432487
Zm00001d036831,32,0.7725005967023193
Zm00001d017640,31,0.7995736306979345
Zm00001d007037,31,0.7639782007288674
Zm00001d028745,31,0.7433576929568176
Zm00001d049107,30,0.8079618106662533
Zm00001d047387,30,0.7833079911761195
Zm00001d011132,30,0.7774884456474969
Zm00001d038211,30,0.7689277877675672
Zm00001d042158,30,0.7674827581290028
Zm00001d047367,30,0.7638398058433861
Zm00001d036079,30,0.7581750397953829
Zm00001d046661,30,0.7309415251626188
Zm00001d044156,29,0.7654861760574974
Zm00001d038511,29,0.753771221300217
Zm00001d041455,29,0.735871473658716
Zm00001d046765,28,0.8001099459677167
Zm00001d017390,28,0.7973155782127097
Zm00001d004586,28,0.7756406177337886
Zm00001d030114,28,0.7237118979315472
Zm00001d022188,27,0.7726473024750468
Zm00001d034164,27,0.7710593666744937
Zm00001d053416,27,0.7702092877638368
Zm00001d012994,27,0.757791118318247
Zm00001d021414,27,0.7526731025937738
Zm00001d043249,26,0.7595014585341425
Zm00001d032566,26,0.6910811791077489
Zm00001d049223,25,0.8824566643098141
Zm00001d005978,25,0.848331871754171
Zm00001d013094,25,0.8314796792150312
Zm00001d020310,25,0.7698937246835963
Zm00001d026038,25,0.7644649642984926
Zm00001d015127,25,0.7491503434365807
Zm00001d025846,25,0.746288246146074
Zm00001d007245,25,0.745096095911173
Zm00001d044302,24,0.7968062972323424
Zm00001d008843,24,0.7939509989044479
Zm00001d050382,24,0.7926030060946254
Zm00001d034629,24,0.78334758311785
Zm00001d038532,24,0.7765399368577434
Zm00001d053972,24,0.7649114712488696
Zm00001d014773,24,0.7450930382810662
Zm00001d047062,24,0.730796860293934
Zm00001d051753,24,0.7278133445753642
Zm00001d042874,24,0.7070220936225993
Zm00001d002816,23,0.8519710995899746
Zm00001d035324,23,0.7774388431416916
Zm00001d041788,23,0.7604174592992141
Zm00001d020403,23,0.7498063746324153
Zm00001d024744,23,0.7408282009780831
Zm00001d035390,23,0.7407139172404115
Zm00001d001497,22,0.8599333100039462
Zm00001d008488,22,0.7955391051330035
Zm00001d023343,22,0.7790751654456861
Zm00001d042022,22,0.7619895604213469
Zm00001d053608,22,0.7535463125461619
Zm00001d002796,22,0.7510876569765991
Zm00001d042598,22,0.7454683679213091
Zm00001d029208,22,0.7345420998998899
Zm00001d026398,22,0.7334460079376075
Zm00001d043278,22,0.7143552707719925
Zm00001d012025,21,0.7557908439450384
Zm00001d011969,21,0.7530113489564333
Zm00001d044106,21,0.7505588734672132
Zm00001d021703,21,0.7483906990646779
Zm00001d031496,21,0.7394587464655817
Zm00001d022965,21,0.7258702014115316
Zm00001d002436,21,0.721881025970048
Zm00001d019358,20,0.7834675981661898
Zm00001d023294,20,0.7614867071195057
Zm00001d003021,20,0.7572513905565214
Zm00001d048176,20,0.7487313582028616
Zm00001d007113,20,0.7259979908057882
Zm00001d030235,20,0.6951450104859807
Zm00001d038275,19,0.8332721751823254
Zm00001d006521,19,0.8316855921616703
Zm00001d043853,19,0.825637839644008
Zm00001d005627,19,0.8111964418810017
Zm00001d008209,19,0.786408593915998
Zm00001d034028,19,0.7535738991793395
Zm00001d037609,19,0.7509479707545125
Zm00001d020402,19,0.741115668192218
Zm00001d035681,19,0.7225075236786547
Zm00001d035377,18,0.7961798167683629
Zm00001d018831,18,0.7731390675133571
Zm00001d009182,18,0.7635798467034878
Zm00001d043453,18,0.7362910186597332
Zm00001d023995,18,0.6883454678998584
Zm00001d028992,17,0.8739903128975822
Zm00001d033111,17,0.837366088132561
Zm00001d053991,17,0.786722637077068
Zm00001d039085,17,0.7817749814377091
Zm00001d042694,17,0.7716239328109352
Zm00001d006588,17,0.7611300049599048
Zm00001d006580,17,0.7589888441103622
Zm00001d040984,17,0.7528803027525952
Zm00001d029963,17,0.7496148837025455
Zm00001d012450,17,0.733847321510183
Zm00001d011063,17,0.7299354129425109
Zm00001d048344,17,0.7102897228759071
Zm00001d019149,17,0.708789767484748
Zm00001d036840,16,0.7758937559348374
Zm00001d002775,16,0.7593202824429924
Zm00001d013191,16,0.759151901512747
Zm00001d021890,16,0.7590780393141777
Zm00001d052076,16,0.7576323824913331
Zm00001d004123,16,0.737820161449568
Zm00001d017863,16,0.737569166358297
Zm00001d024509,16,0.7354094059204659
Zm00001d002455,16,0.7226612101648052
Zm00001d039304,16,0.7017878355701372
Zm00001d037096,15,0.8599523831130257
Zm00001d000113,15,0.7979218886355615
Zm00001d013364,15,0.7662719190465119
Zm00001d052137,15,0.7611769471399832
ENSRNA049460169,15,0.7459488901317596
Zm00001d038879,15,0.7319472454659092
Zm00001d003049,15,0.6980120769124758
Zm00001d029333,14,0.7978103583849298
Zm00001d017935,14,0.7879983044829509
Zm00001d034129,14,0.7827101961822053
Zm00001d007488,14,0.7808629780828685
Zm00001d048013,14,0.7446158404001177
Zm00001d013678,14,0.7423492037415905
Zm00001d008720,14,0.7393765364568943
Zm00001d047480,14,0.7376919356040386
Zm00001d031724,14,0.7162623556794018
Zm00001d027131,14,0.7132229873171894
Zm00001d003267,14,0.7027428277045293
Zm00001d032897,13,0.7775687373577674
Zm00001d020428,13,0.7717117083520965
Zm00001d039139,13,0.7595252869611073
Zm00001d002012,13,0.7503680388579933
Zm00001d018119,13,0.748008838203923
Zm00001d047211,13,0.7396180825874473
Zm00001d022016,13,0.7222699916768538
Zm00001d007234,13,0.7202175825616748
Zm00001d039712,13,0.7194754515037999
Zm00001d029785,13,0.6917348218487844
Zm00001d052840,12,0.7962121348184802
Zm00001d034853,12,0.7719983957562243
Zm00001d003155,12,0.766717525966062
Zm00001d013831,12,0.7515282747323734
Zm00001d036790,12,0.7364932083124807
Zm00001d029696,12,0.7305866118063045
Zm00001d002848,12,0.7183409629207763
Zm00001d052873,12,0.7161067699831649
Zm00001d004587,12,0.7043629297390946
Zm00001d022031,12,0.6957149582690163
Zm00001d005495,11,0.7911119188051123
Zm00001d017240,11,0.7728742717367522
Zm00001d034278,11,0.7677354449321716
Zm00001d031771,11,0.7620275324994705
Zm00001d013427,11,0.7593580375819847
Zm00001d045237,11,0.7430488670116054
Zm00001d031620,11,0.7148528821345148
Zm00001d048138,11,0.7137438056790258
Zm00001d039733,11,0.7115236425496051
Zm00001d034814,11,0.7073156434324038
Zm00001d007401,11,0.6896513416380744
Zm00001d027847,11,0.6769855889019865
Zm00001d030544,10,0.9061445600547902
Zm00001d011825,10,0.8119146846206022
Zm00001d011882,10,0.782788091908277
Zm00001d027520,10,0.7730198839448328
Zm00001d025722,10,0.7704248163390454
Zm00001d049380,10,0.7639142273286208
Zm00001d044142,10,0.7551431710413051
Zm00001d044622,10,0.7527533693777133
Zm00001d012710,10,0.7499764976733521
Zm00001d032546,10,0.7434079069030861
Zm00001d021770,10,0.740517029293205
Zm00001d029084,10,0.7354411880338535
Zm00001d044630,10,0.7280941923712635
Zm00001d004410,10,0.7192352929028808
Zm00001d008485,10,0.7045465820609903
Zm00001d042361,10,0.6930248557953
Zm00001d049091,9,0.8063712626218045
Zm00001d019163,9,0.7889005110721213
Zm00001d010870,9,0.7858793456086112
Zm00001d022347,9,0.7854389759916899
Zm00001d029388,9,0.7590065052317108
Zm00001d031772,9,0.7539871757490973
Zm00001d023452,9,0.7528015303495447
Zm00001d004589,9,0.7517358043266548
Zm00001d009646,9,0.7331535385797404
Zm00001d017770,9,0.7285480845470111
Zm00001d005456,9,0.7270336166925878
Zm00001d034829,9,0.7205660243842454
Zm00001d013439,9,0.7039801161663864
Zm00001d039387,9,0.6963466286243554
Zm00001d008587,9,0.6892625160013465
Zm00001d045475,9,0.6841202577403008
Zm00001d008844,9,0.6780901660273311
Zm00001d018660,8,0.8555655991768331
Zm00001d022517,8,0.8016537860272641
Zm00001d028659,8,0.7744547328422882
Zm00001d029098,8,0.7673835444335353
Zm00001d036541,8,0.7654846090439021
Zm00001d006194,8,0.758827021522842
Zm00001d043850,8,0.7447857796286417
Zm00001d043982,8,0.7197062470953675
Zm00001d042341,8,0.7169317185525004
Zm00001d025980,8,0.6795690888254301
Zm00001d034433,7,0.7579860570820582
Zm00001d038003,7,0.7533379992325538
Zm00001d037708,7,0.7466562800304619
Zm00001d010662,7,0.7439349089648474
Zm00001d002004,7,0.7400182966519981
Zm00001d013406,7,0.7353207911472848
Zm00001d027524,7,0.7219638488792829
Zm00001d008951,7,0.7160074140745409
Zm00001d023384,7,0.7118482916220944
Zm00001d002711,7,0.7029407537699477
Zm00001d007594,7,0.702561550648229
Zm00001d010618,7,0.6957858558963289
Zm00001d024475,7,0.6921588142399971
Zm00001d023887,6,0.8031162559247473
Zm00001d023704,6,0.7861115546538425
Zm00001d007444,6,0.7685939781448196
Zm00001d033190,6,0.7276371429368858
Zm00001d023410,6,0.7238044920905123
Zm00001d026984,6,0.7216606230345032
Zm00001d026288,6,0.7076896550107267
Zm00001d038999,6,0.7010025170387647
Zm00001d035603,6,0.6995199962371916
Zm00001d023301,6,0.6978275981765363
Zm00001d029091,6,0.6863207908469723
Zm00001d024596,6,0.6853001902351245
Zm00001d028008,6,0.6799123275566711
Zm00001d012982,6,0.6769417141274748
Zm00001d039364,6,0.6729766133409033
Zm00001d039370,6,0.670620933822967
Zm00001d048949,5,0.7972233477002764
Zm00001d017613,5,0.7840573447651189
Zm00001d006094,5,0.7755286354503802
Zm00001d044186,5,0.7711732985032204
Zm00001d035662,5,0.7627900512580095
Zm00001d048789,5,0.7470303706733247
Zm00001d003822,5,0.7469275473952149
Zm00001d041550,5,0.7441674518039915
Zm00001d002847,5,0.7434845832923215
Zm00001d014848,5,0.7413085525600267
Zm00001d039879,5,0.7383198650738574
Zm00001d038523,5,0.7379750219029814
Zm00001d043912,5,0.7259703115512116
Zm00001d043649,5,0.7239443249930538
Zm00001d028363,5,0.7238553554891507
Zm00001d036300,5,0.7235123991811183
Zm00001d051419,5,0.7235063059828887
Zm00001d011073,5,0.7199423683352507
Zm00001d048363,5,0.7148727939124837
Zm00001d005920,5,0.7142065195496844
Zm00001d008468,5,0.7121952124394545
Zm00001d028868,5,0.7114890254216242
Zm00001d018746,5,0.7031524765997633
Zm00001d020227,5,0.6991676655117028
Zm00001d017642,5,0.6958472102963823
Zm00001d049100,5,0.6925043497565891
Zm00001d013319,5,0.6905051768535304
Zm00001d038720,5,0.6888371727652314
Zm00001d024745,5,0.6869877440194222
Zm00001d029841,5,0.6853161906983231
Zm00001d017199,5,0.6829762321738055
Zm00001d011920,5,0.6825615142468409
Zm00001d018421,5,0.682310626842257
Zm00001d038664,5,0.6798786208657746
Zm00001d014769,4,0.8100322849223848
Zm00001d029088,4,0.7938685096184973
Zm00001d043654,4,0.7678205554789699
Zm00001d034460,4,0.7638708634168954
Zm00001d027763,4,0.7370964081976367
Zm00001d000228,4,0.7328255016872801
Zm00001d011638,4,0.7308800898623313
Zm00001d037852,4,0.7280588164377826
Zm00001d012206,4,0.7171002629825671
Zm00001d008245,4,0.7154190719017186
Zm00001d009118,4,0.7138328556137158
Zm00001d005018,4,0.7128314560956469
Zm00001d045124,4,0.7115650391293772
Zm00001d022475,4,0.6999500250885397
Zm00001d042279,4,0.6996556104999955
Zm00001d051995,4,0.6987263178365996
Zm00001d036224,4,0.6981583321176698
Zm00001d044967,4,0.6976553589485711
Zm00001d005460,4,0.6956203911624363
Zm00001d019724,4,0.6924259554379039
Zm00001d051362,4,0.6864808192815188
Zm00001d024713,4,0.685482268902006
Zm00001d007825,4,0.6845556807363113
Zm00001d037355,4,0.6777235707242824
Zm00001d038756,4,0.6627195690702737
Zm00001d016727,3,0.782819845373582
Zm00001d026156,3,0.7649560605464959
Zm00001d037652,3,0.7321142179819216
Zm00001d036575,3,0.7304600169425709
Zm00001d029994,3,0.7243817000760813
Zm00001d023395,3,0.7222126915413374
Zm00001d040027,3,0.7212677466586702
Zm00001d039826,3,0.7154283586256015
Zm00001d006795,3,0.7132178380843895
Zm00001d019228,3,0.7123767279002879
Zm00001d033633,3,0.6970982145062079
Zm00001d026528,3,0.6955490461160884
Zm00001d026212,3,0.6911642972431882
Zm00001d035030,3,0.6859643053331262
Zm00001d044906,3,0.6851088961747297
Zm00001d053442,3,0.6847309350500315
Zm00001d026194,3,0.6810407708824177
Zm00001d041583,3,0.6806789996821856
Zm00001d040852,3,0.6772409947206305
Zm00001d033605,3,0.6757547732009144
Zm00001d044300,3,0.6693373477911864
Zm00001d000508,3,0.6687339760769784
Zm00001d011152,3,0.6640546313515734
Zm00001d044323,3,0.6639259489523929
Zm00001d044951,3,0.6624721644075227
Zm00001d029699,3,0.6606875574106795
Zm00001d018781,3,0.6606748308040212
Zm00001d019354,3,0.6558858695553095
Zm00001d041977,2,0.7638557890660116
Zm00001d017425,2,0.7492035345058784
Zm00001d044765,2,0.7473055852851069
Zm00001d038819,2,0.7472055168214048
Zm00001d013003,2,0.7416447596388874
Zm00001d008527,2,0.7179477710698771
Zm00001d042888,2,0.7163038437103958
Zm00001d042104,2,0.7116512897618081
Zm00001d043628,2,0.711030281750218
Zm00001d003306,2,0.7086794463518907
Zm00001d048948,2,0.7078958541199328
Zm00001d042106,2,0.7066009210554374
Zm00001d024669,2,0.7065797687460893
Zm00001d000502,2,0.7065205339321181
Zm00001d024960,2,0.7053685531440634
Zm00001d031047,2,0.7029719856715057
Zm00001d045021,2,0.7018536177137745
Zm00001d019565,2,0.6879101455889628
Zm00001d024751,2,0.68238835959006
Zm00001d003493,2,0.6821815586068078
Zm00001d020140,2,0.6789240539921874
Zm00001d003945,2,0.6776295015402242
Zm00001d008620,2,0.6750774767040248
Zm00001d018229,2,0.6746180215926412
Zm00001d038564,2,0.6733201912594248
Zm00001d007363,2,0.6686210001552071
Zm00001d030902,2,0.6675303383135484
Zm00001d039310,2,0.6673802778554072
Zm00001d018799,2,0.6665307698933965
Zm00001d049083,2,0.6664626735706325
Zm00001d015333,2,0.6655853330091758
Zm00001d034385,2,0.6643491012701587
Zm00001d046655,2,0.6632285341820854
Zm00001d025865,2,0.6614830745730943
Zm00001d039496,2,0.6583205892687878
Zm00001d007424,2,0.6571451543238449
Zm00001d012383,2,0.6551084556855309
Zm00001d029359,2,0.6547476448603823
Zm00001d026312,2,0.6539123008012899
Zm00001d018893,2,0.6534742745952099
Zm00001d002898,2,0.6499307197809908
Zm00001d046112,2,0.6451809383109111
Zm00001d000909,1,0.7927264409598326
Zm00001d038791,1,0.7478894152591131
Zm00001d034839,1,0.7306848291876178
Zm00001d048625,1,0.7296997987788842
Zm00001d047765,1,0.7276523737729913
Zm00001d048334,1,0.7223452319139491
Zm00001d052434,1,0.7183844370134339
Zm00001d052014,1,0.7165185354510117
Zm00001d013259,1,0.7068328982806563
Zm00001d008477,1,0.7061534755937369
ENSRNA049477136,1,0.7016024281091547
Zm00001d025644,1,0.7004658166933563
Zm00001d025665,1,0.6997247796788445
Zm00001d047917,1,0.6991434689083861
Zm00001d053816,1,0.6949776324858429
Zm00001d026413,1,0.6938174034594776
Zm00001d019237,1,0.6917173539721392
Zm00001d009502,1,0.6904748417829895
Zm00001d008567,1,0.6887267488174036
Zm00001d025509,1,0.6869024241225995
Zm00001d008256,1,0.6863562471539303
Zm00001d013596,1,0.6861437311081946
Zm00001d012667,1,0.6840499360427568
Zm00001d014732,1,0.6826199021477265
Zm00001d040075,1,0.6822902897470376
Zm00001d020471,1,0.6821720647722578
Zm00001d037194,1,0.6820369719941796
Zm00001d005351,1,0.6818678950579642
Zm00001d026573,1,0.6818269928574839
Zm00001d036647,1,0.6815591041761982
Zm00001d020425,1,0.6783205947627112
Zm00001d013907,1,0.677681836926181
Zm00001d001841,1,0.6764301426519417
Zm00001d035178,1,0.6745083440001881
Zm00001d019312,1,0.6729166075863572
Zm00001d043419,1,0.6720785020506276
Zm00001d003712,1,0.6715623171641756
Zm00001d003492,1,0.6685639449327624
Zm00001d045386,1,0.6675611162500894
Zm00001d047787,1,0.6665315881794197
Zm00001d035683,1,0.6664022556787527
Zm00001d001988,1,0.6655818115781976
Zm00001d003524,1,0.6643586129383001
Zm00001d012801,1,0.6630496301447472
Zm00001d017033,1,0.6627667918904384
Zm00001d043151,1,0.6617912886381121
Zm00001d032197,1,0.6617607395073958
Zm00001d038050,1,0.6600880654220209
Zm00001d016679,1,0.6593521571104467
Zm00001d002458,1,0.6589324444403529
Zm00001d029706,1,0.6579693272859012
Zm00001d026792,1,0.6563561858407462
Zm00001d012329,1,0.6554605529155988
Zm00001d008909,1,0.6553137937048626
Zm00001d003452,1,0.6547061835446379
Zm00001d013035,1,0.6539109524837469
Zm00001d018370,1,0.6534014004056458
Zm00001d029183,1,0.6531208442577978
Zm00001d021708,1,0.6530896132463839
Zm00001d012909,1,0.6529868647407835
Zm00001d047998,1,0.6528160828657351
Zm00001d045597,1,0.6524514872411028
Zm00001d034986,1,0.651658105562547
Zm00001d043341,1,0.6513752932829107
Zm00001d046568,1,0.6495728649237319
Zm00001d033840,1,0.6492994584988324
Zm00001d046225,1,0.6489808358008848
Zm00001d029756,1,0.6484241108930638
Zm00001d014066,1,0.6482193260562371
Zm00001d038764,1,0.6470244707559988
Zm00001d029164,1,0.646920719228894
Zm00001d009883,1,0.6464073567772993
Zm00001d021119,1,0.6463943474105642
Zm00001d005193,1,0.6460638079187776
Zm00001d048020,1,0.6459201129035802
Zm00001d035579,1,0.6456322371303307
Zm00001d007687,1,0.645427079497603
Zm00001d051609,1,0.6446677389566102
Zm00001d031345,1,0.6446086485527213
Zm00001d024143,1,0.6443725414625153
Zm00001d023327,1,0.6433014688942539
Zm00001d004407,1,0.6431201141749157
Zm00001d039914,1,0.6425650441812754
Zm00001d037674,1,0.6425000831239712
Zm00001d011604,1,0.6416298537402906
Zm00001d017383,1,0.6407464990832911
Zm00001d039617,1,0.6406617280438909
Zm00001d005779,1,0.6406095057145635
Zm00001d039098,1,0.6402755737846302
