Gene,sF1,sF2,sF3
ENSRNA049460169,0.0,-0.0,-0.0
ENSRNA049463865,-0.0,-0.0,0.0
ENSRNA049474888,0.0,-0.0,-0.0
ENSRNA049475591,-0.0,0.0,0.0
ENSRNA049475596,0.0,-0.29767042212595995,-0.0
ENSRNA049477136,0.0,-0.0,0.0
ZeamMp050,-0.0,-0.0,0.0
Zm00001d000077,-0.0,0.0,0.0
Zm00001d000113,-0.0,-0.0,0.0
Zm00001d000116,-0.0,0.0,0.0
Zm00001d000195,-0.0,0.0,0.0
Zm00001d000228,0.0,-0.0,0.0
Zm00001d000237,0.0,0.0,0.0
Zm00001d000294,-0.17561343923426437,-0.0,-0.0
Zm00001d000502,0.0,0.0,-0.0
Zm00001d000508,-0.0,-0.0,-0.0
Zm00001d000553,-0.0,0.0,0.0
Zm00001d000843,-0.0,-0.0,0.0
Zm00001d000909,-0.0,-0.0,0.0
Zm00001d001497,-0.0,0.0,0.0
Zm00001d001770,-0.0,0.0,0.0
Zm00001d001773,0.0,-0.0,-0.0
Zm00001d001774,0.0,-0.0,-0.0
Zm00001d001826,0.0,0.0,0.0
Zm00001d001841,0.0,-0.0,0.0
Zm00001d001856,-0.0,0.0,-0.0
Zm00001d001858,-0.0,0.0,0.0
Zm00001d001864,-0.0,0.0,0.0
Zm00001d001984,-0.0,-0.0,-0.0
Zm00001d001988,0.0,-0.0,-0.0
Zm00001d002004,0.0,-0.0,-0.0
Zm00001d002007,0.0,0.0,0.0
Zm00001d002012,0.0,-0.0,-0.0
Zm00001d002111,0.0,0.0,-0.0
Zm00001d002132,0.0,-0.029089164665010797,0.0
Zm00001d002436,0.0,-0.0,-0.0
Zm00001d002437,0.0,-0.0,0.0
Zm00001d002455,0.0,-0.0,0.0
Zm00001d002458,-0.0,-0.0,-0.0
Zm00001d002479,0.0,-0.0,0.0
Zm00001d002489,0.0,-0.0,-0.0
Zm00001d002711,0.0,-0.0,-0.0
Zm00001d002775,0.0,-0.0,-0.0
Zm00001d002796,0.0,-0.0,-0.0
Zm00001d002816,0.0,-0.0,0.0
Zm00001d002836,-0.0,0.0,0.0
Zm00001d002847,-0.0,-0.0,-0.0
Zm00001d002848,-0.0,-0.0,0.0
Zm00001d002898,-0.0,-0.0,0.0
Zm00001d002974,-0.0,-0.2558507509104329,0.0
Zm00001d003021,-0.0,0.0,0.0
Zm00001d003049,0.0,-0.0,-0.0
Zm00001d003148,0.0,-0.0,0.0
Zm00001d003155,0.0,-0.0,0.0
Zm00001d003267,0.0,-0.0,0.0
Zm00001d003301,-0.0,0.0,-0.0
Zm00001d003306,0.0,0.0,-0.0
Zm00001d003352,0.0,0.0,0.0
Zm00001d003452,-0.0,0.0,-0.0
Zm00001d003491,-0.0,0.0,0.0
Zm00001d003492,0.0,0.0,-0.0
Zm00001d003493,0.0,0.0,0.0
Zm00001d003502,0.0,-0.0,0.0
Zm00001d003508,-0.05723674925458083,-0.0,-0.0
Zm00001d003524,0.0,-0.0,0.0
Zm00001d003693,0.0,-0.0,-0.0
Zm00001d003712,0.0,0.0,-0.0
Zm00001d003789,-0.0,0.0,-0.0
Zm00001d003822,0.0,-0.0,-0.0
Zm00001d003945,0.0,-0.0,-0.0
Zm00001d003950,0.0,-0.0,0.0
Zm00001d004123,0.0,-0.0,0.0
Zm00001d004168,-0.0,0.11616412774922247,-0.0
Zm00001d004248,-0.0,0.0,0.0
Zm00001d004407,-0.0,-0.0,0.0
Zm00001d004410,-0.0,0.0,-0.0
Zm00001d004586,0.0,-0.0,0.0
Zm00001d004587,0.0,-0.0,0.0
Zm00001d004589,-0.0,0.0,-0.0
Zm00001d004681,-0.0,0.1186068122608695,-0.0
Zm00001d004804,-0.0,0.0,-0.0
Zm00001d005018,0.0,-0.0,-0.0
Zm00001d005193,0.0,-0.0,-0.0
Zm00001d005308,-0.0,0.0,0.0
Zm00001d005351,-0.0,-0.0,-0.0
Zm00001d005421,0.0,0.0,-0.0
Zm00001d005456,-0.0,0.0,0.0
Zm00001d005460,0.0,-0.0,0.0
Zm00001d005489,0.0,-0.007805046302802301,-0.0
Zm00001d005495,-0.0,0.0,-0.0
Zm00001d005627,0.0,-0.0,0.0
Zm00001d005647,0.0,0.0,0.0
Zm00001d005743,-0.0,0.0,0.0
Zm00001d005779,-0.0,-0.0,0.0
Zm00001d005920,-0.0,0.0,0.0
Zm00001d005978,-0.0,-0.0,-0.002056706902484046
Zm00001d006010,0.0,-0.0,-0.0
Zm00001d006016,0.0,-0.15354482297691666,-0.0
Zm00001d006088,-0.0,0.0,0.0
Zm00001d006094,0.0,0.0,0.0
Zm00001d006125,0.0,-0.0,-0.0
Zm00001d006194,-0.0,0.0,0.0
Zm00001d006196,0.0,-0.0,-0.0
Zm00001d006419,-0.0,0.0,0.0
Zm00001d006521,0.0,-0.0,0.0
Zm00001d006580,-0.0,0.0,0.0
Zm00001d006588,0.0,-0.0,0.0
Zm00001d006610,-0.0,0.0,0.0
Zm00001d006711,-0.0,0.0,0.0
Zm00001d006771,0.0,-0.0,-0.0
Zm00001d006795,0.0,-0.0,-0.0
Zm00001d007037,0.0,-0.0,-0.0
Zm00001d007113,0.0,-0.0,0.0
Zm00001d007166,0.0,-0.0,0.0
Zm00001d007234,0.0,-0.0,-0.0
Zm00001d007245,-0.0,0.0,-0.0
Zm00001d007272,0.0,-0.0,-0.0
Zm00001d007349,0.0,0.0,0.17432611699571757
Zm00001d007363,-0.0,-0.0,-0.0
Zm00001d007384,-0.0,0.0,-0.0
Zm00001d007401,0.0,0.0,-0.13697997979793952
Zm00001d007424,0.0,-0.0,-0.0
Zm00001d007442,-0.0,0.0,0.0
Zm00001d007444,0.0,-0.0,0.0
Zm00001d007462,-0.0,0.0,0.0
Zm00001d007464,0.0,-0.0,0.13194378102406668
Zm00001d007488,-0.0,0.0,-0.0
Zm00001d007500,0.009151083095110648,-0.0,0.0
Zm00001d007594,0.0,-0.0,-0.0
Zm00001d007687,-0.0,-0.0,0.0
Zm00001d007753,0.0,0.0,0.0
Zm00001d007760,0.0,-0.0,0.0
Zm00001d007768,0.11637221941673628,-0.0,-0.0
Zm00001d007825,0.0,0.0,-0.0
Zm00001d008017,0.0,-0.0,-0.0
Zm00001d008035,-0.0,-0.0,-0.0
Zm00001d008200,-0.0,0.0,-0.0
Zm00001d008209,-0.0,0.0,-0.0
Zm00001d008245,0.0,0.0,0.0
Zm00001d008256,-0.0,-0.0,0.0
Zm00001d008283,0.12584302420729937,-0.0,0.0
Zm00001d008367,0.0,-0.0,0.0
Zm00001d008462,-0.0,0.0,0.0
Zm00001d008467,0.0,-0.0,0.0
Zm00001d008468,0.0,-0.0,-0.0
Zm00001d008477,-0.0,-0.0,0.0
Zm00001d008485,0.0,-0.0,-0.0
Zm00001d008488,-0.0,0.0,0.0
Zm00001d008527,0.0,-0.0,0.0
Zm00001d008567,-0.0,-0.0,-0.0
Zm00001d008587,-0.0,-0.0,-0.0
Zm00001d008619,-0.0,0.3507986910992187,-0.0
Zm00001d008620,0.0,0.0,-0.0
Zm00001d008720,-0.0,0.0,0.0
Zm00001d008752,0.0,-0.0,-0.0
Zm00001d008800,-0.0,0.0,0.1027438334918751
Zm00001d008843,-0.0,0.0,-0.0
Zm00001d008844,-0.0,0.0,0.0
Zm00001d008890,0.0,-0.0,-0.0
Zm00001d008909,-0.0,0.0,0.0
Zm00001d008951,0.0,0.0,-0.0
Zm00001d009085,0.0,-0.0,0.0
Zm00001d009118,-0.0,-0.0,-0.0
Zm00001d009163,-0.0,0.0,-0.0
Zm00001d009182,0.0,-0.0,0.0
Zm00001d009502,-0.0,-0.0,0.0
Zm00001d009553,0.0,-0.04689476970928228,-0.0
Zm00001d009646,-0.0,-0.0,-0.0
Zm00001d009727,0.0,-0.0,0.0
Zm00001d009844,-0.0,0.0,0.1641851174485032
Zm00001d009883,0.0,0.0,0.0
Zm00001d009907,-0.0,-0.0,0.0
Zm00001d009938,-0.0,0.0,0.0
Zm00001d010618,-0.0,0.0,-0.0
Zm00001d010662,-0.0,-0.0,0.0
Zm00001d010870,0.0,-0.0,-0.0
Zm00001d011063,0.0,-0.0,0.0
Zm00001d011073,0.0,-0.0,0.0
Zm00001d011132,-0.0,0.0,-0.0
Zm00001d011152,0.0,-0.0,-0.0
Zm00001d011253,0.12072904198038119,0.0,0.0
Zm00001d011299,-0.0,0.0,0.0
Zm00001d011393,-0.0,-0.0,-0.0
Zm00001d011543,-0.0,0.0,0.0
Zm00001d011604,0.0,-0.0,0.0
Zm00001d011610,-0.0,0.0,0.0
Zm00001d011638,-0.0,0.0,0.0
Zm00001d011666,-0.0,0.0,-0.0
Zm00001d011825,0.0,-0.0,-0.0
Zm00001d011828,-0.0,0.0,0.0
Zm00001d011882,0.0,-0.0,-0.0
Zm00001d011920,-0.0,-0.0,-0.0
Zm00001d011969,0.0,-0.0,0.0
Zm00001d012025,-0.0,0.0,0.0
Zm00001d012140,-0.0,0.0,0.0
Zm00001d012206,-0.0,0.0,0.0
Zm00001d012313,-0.0,0.0,-0.0
Zm00001d012329,0.0,-0.0,0.0
Zm00001d012383,-0.0,-0.0,-0.0
Zm00001d012387,0.0,-0.0,-0.0
Zm00001d012407,0.0,0.0,-0.0
Zm00001d012420,0.0,-0.0,0.0
Zm00001d012450,0.0,-0.0,-0.0
Zm00001d012472,0.0,-0.0,0.0
Zm00001d012476,0.08536783378512396,-0.0,0.0
Zm00001d012603,0.0,-0.0,0.0
Zm00001d012667,-0.0,-0.0,-0.0
Zm00001d012708,0.07963167601856487,0.0,0.0
Zm00001d012710,-0.0,0.0,0.0
Zm00001d012797,0.0,0.0,-0.0
Zm00001d012801,0.0,-0.0,-0.0
Zm00001d012806,-0.0,-0.0,0.0
Zm00001d012882,0.0,-0.0,-0.0
Zm00001d012909,0.0,-0.0,-0.0
Zm00001d012920,-0.0,0.0,-0.0
Zm00001d012939,-0.0,-0.0,-0.0
Zm00001d012982,-0.0,-0.0,0.0
Zm00001d012994,-0.0,0.0,-0.0
Zm00001d013003,0.0,0.0,-0.0
Zm00001d013035,0.0,0.0,-0.0
Zm00001d013067,-0.0,-0.0,0.0
Zm00001d013094,-0.0,-0.0,0.0
Zm00001d013111,-0.0,0.0,-0.0
Zm00001d013191,-0.0,0.0,0.0
Zm00001d013228,-0.0,-0.0,0.0
Zm00001d013259,0.0,0.0,-0.0
Zm00001d013276,-0.0,0.0,0.0
Zm00001d013294,-0.0,0.0,0.0
Zm00001d013319,0.0,-0.0,0.0
Zm00001d013364,-0.0,0.0,-0.0
Zm00001d013385,0.0,-0.0,-0.0
Zm00001d013406,0.0,-0.0,-0.0
Zm00001d013427,0.0,-0.0,-0.0
Zm00001d013429,0.3647810909442326,0.0,0.0
Zm00001d013439,0.0,0.0,0.0
Zm00001d013516,-0.0,0.0,0.0
Zm00001d013565,-0.0,0.0,0.302634866091105
Zm00001d013596,0.0,-0.0,0.0
Zm00001d013606,0.0,-0.0,-0.0
Zm00001d013635,0.0,-0.30866153461482604,-0.0
Zm00001d013678,0.0,-0.0,-0.0
Zm00001d013705,0.06219779829623915,-0.0,0.0
Zm00001d013831,0.0,-0.0,-0.0
Zm00001d013907,-0.0,-0.0,0.0
Zm00001d014019,0.0,-0.0,0.0
Zm00001d014066,-0.0,0.0,-0.0
Zm00001d014138,-0.0,0.0,-0.0
Zm00001d014347,-0.0,-0.0,0.0
Zm00001d014401,-0.0,0.0,-0.0
Zm00001d014559,0.0,-0.0,0.0
Zm00001d014732,-0.0,-0.0,0.0
Zm00001d014769,-0.0,-0.0,-0.0
Zm00001d014773,-0.0,0.0,-0.0
Zm00001d014840,-0.0,0.0,0.0
Zm00001d014848,-0.0,0.0,-0.0
Zm00001d014953,-0.0,-0.0,0.0
Zm00001d015032,-0.0,-0.0,-0.0
Zm00001d015050,-0.0,0.0,0.0
Zm00001d015127,0.0,-0.0,0.0
Zm00001d015217,0.0,0.0,-0.0
Zm00001d015224,-0.0,-0.0,-0.2907743629476754
Zm00001d015293,-0.0,0.0,-0.0
Zm00001d015333,-0.0,0.0,0.0
Zm00001d015429,-0.0,0.0,0.0
Zm00001d015886,-0.0,0.0,-0.0
Zm00001d016016,0.0,0.0,0.0
Zm00001d016087,-0.0,-0.0,-0.0
Zm00001d016128,-0.0,0.0,-0.0
Zm00001d016271,0.0,-0.0,-0.0
Zm00001d016551,0.0,-0.0,-0.0
Zm00001d016591,-0.0,0.0,0.0
Zm00001d016679,-0.0,0.0,0.0
Zm00001d016705,0.0,0.0,-0.0
Zm00001d016727,-0.0,-0.0,0.0
Zm00001d016760,-0.0,0.0,-0.0
Zm00001d016866,-0.08696862209826779,0.0,-0.0
Zm00001d016918,-0.0,0.0,0.0
Zm00001d016956,0.0,-0.0,0.0
Zm00001d017019,0.0,0.0,0.0
Zm00001d017033,0.0,0.0,0.0
Zm00001d017068,0.0,-0.0,0.0
Zm00001d017101,0.0,-0.0,-0.15191514605095388
Zm00001d017112,0.0,-0.028708481559687884,0.0
Zm00001d017199,-0.0,-0.0,0.0
Zm00001d017240,-0.0,0.0,-0.0
Zm00001d017383,0.0,-0.0,0.0
Zm00001d017390,0.0,-0.0,0.0
Zm00001d017425,0.0,0.0,0.0
Zm00001d017501,-0.0,0.0,0.0
Zm00001d017613,0.0,-0.0,0.0
Zm00001d017640,0.0,-0.0,0.0
Zm00001d017642,-0.0,0.0,-0.0
Zm00001d017770,0.0,-0.0,0.0
Zm00001d017863,0.0,-0.0,0.0
Zm00001d017935,0.0,-0.0,0.0
Zm00001d017985,-0.0,0.0,0.0
Zm00001d018011,-0.0,-0.0,0.0
Zm00001d018036,-0.0,0.0,0.0
Zm00001d018119,0.0,-0.0,0.0
Zm00001d018220,0.0,-0.0,-0.0
Zm00001d018229,-0.0,-0.0,-0.0
Zm00001d018257,-0.0,-0.0,-0.0
Zm00001d018297,0.0,-0.0,-0.0
Zm00001d018298,0.0,-0.0,-0.0
Zm00001d018370,-0.0,-0.0,-0.0
Zm00001d018421,0.0,-0.0,0.0
Zm00001d018428,0.0,-0.0,-0.0
Zm00001d018660,0.0,-0.0,-0.0
Zm00001d018699,-0.0,0.0,-0.0
Zm00001d018701,-0.0,-0.04157360130779815,0.0
Zm00001d018746,-0.0,0.0,0.0
Zm00001d018781,0.0,-0.0,0.010100834699171057
Zm00001d018786,0.0,-0.0,-0.0
Zm00001d018799,0.0,-0.0,0.0
Zm00001d018811,-0.0,0.0,-0.0
Zm00001d018820,-0.0,-0.0,0.0
Zm00001d018831,0.0,-0.0,-0.0
Zm00001d018870,-0.0,0.0,0.0
Zm00001d018893,-0.0,0.0,0.0
Zm00001d018966,-0.0,-0.0,0.0
Zm00001d019036,0.0,-0.0,0.0
Zm00001d019149,0.0,-0.0,-0.0
Zm00001d019163,-0.0,-0.0,0.0
Zm00001d019221,0.0,-0.0,0.0
Zm00001d019228,0.0,0.0,-0.0
Zm00001d019237,0.0,-0.0,-0.0
Zm00001d019310,-0.0,-0.0,-0.0
Zm00001d019312,0.0,0.0,-0.0
Zm00001d019354,0.0,-0.0,0.0
Zm00001d019358,-0.0,0.0,-0.0
Zm00001d019457,0.0,-0.0,0.0
Zm00001d019511,-0.0,0.0,-0.0
Zm00001d019552,-0.0,0.0,-0.0
Zm00001d019565,0.0,-0.0,-0.0
Zm00001d019724,-0.0,0.0,0.0
Zm00001d019734,-0.09312098274013743,-0.0,0.0
Zm00001d020140,0.0,-0.0,-0.0
Zm00001d020227,0.0,-0.0,-0.0
Zm00001d020310,-0.0,0.0,-0.0
Zm00001d020402,0.0,-0.0,-0.0
Zm00001d020403,-0.0,0.0,-0.0
Zm00001d020425,-0.0,-0.0,0.0
Zm00001d020428,-0.0,0.0,0.0
Zm00001d020429,-0.0,0.0,0.0
Zm00001d020471,0.0,-0.0,0.0
Zm00001d020506,0.0,-0.0,0.0
Zm00001d020607,0.0,-0.0,0.0
Zm00001d020614,0.0,-0.1366475430208266,0.0
Zm00001d020685,0.07611264179094021,-0.0,0.0
Zm00001d020694,-0.0,0.0,0.0
Zm00001d020852,0.0,-0.0,-0.0
Zm00001d020951,-0.056946471698486524,-0.0,-0.0
Zm00001d020954,0.0,-0.0,0.0
Zm00001d021050,-0.0,0.0,-0.0
Zm00001d021051,-0.0,0.0,0.0
Zm00001d021070,-0.0,0.0,0.0
Zm00001d021119,0.0,0.0,-0.0
Zm00001d021244,-0.0,-0.0,-0.0
Zm00001d021248,0.0,-0.0,0.0
Zm00001d021283,0.0,-0.0,0.0
Zm00001d021414,-0.0,0.0,0.0
Zm00001d021436,0.0,-0.0,0.0
Zm00001d021574,0.0,-0.0004071213434618146,0.0
Zm00001d021582,-0.0,0.0,0.0
Zm00001d021662,0.0,-0.0,0.0
Zm00001d021703,0.0,0.0,0.0
Zm00001d021708,0.0,0.0,-0.0
Zm00001d021711,0.0,0.0,0.0
Zm00001d021726,-0.0,0.0,-0.0
Zm00001d021754,-0.0,0.0,0.0
Zm00001d021770,0.0,-0.0,-0.0
Zm00001d021879,0.0,-0.0,-0.0
Zm00001d021890,-0.0,0.0,-0.0
Zm00001d021900,-0.0,-0.0,-0.0
Zm00001d022016,-0.0,0.0,-0.0
Zm00001d022031,0.0,-0.0,-0.0
Zm00001d022060,0.04446477726696071,-0.0,-0.0
Zm00001d022084,-0.0,0.0,-0.0
Zm00001d022188,-0.0,-0.0,0.0
Zm00001d022347,-0.0,0.0,-0.0
Zm00001d022354,0.0,-0.0,-0.0
Zm00001d022418,0.0,-0.0,0.0
Zm00001d022457,0.0,0.0,0.0
Zm00001d022463,0.0,-0.0,0.0
Zm00001d022475,0.0,0.0,0.0
Zm00001d022517,-0.0,-0.0,0.0
Zm00001d022619,0.0,-0.0,0.0
Zm00001d022965,0.0,-0.053196956071507324,0.0
Zm00001d023213,-0.0,0.0,0.0
Zm00001d023216,-0.0,0.0,0.0
Zm00001d023294,0.0,-0.0,-0.0
Zm00001d023301,-0.0,0.0,0.0
Zm00001d023327,0.0,0.0,-0.0
Zm00001d023343,0.0,-0.0,-0.0
Zm00001d023371,-0.0,-0.26451268885969303,-0.0
Zm00001d023384,0.0,0.0,0.0
Zm00001d023395,0.0,0.0,-0.0
Zm00001d023410,-0.0,0.0,-0.0
Zm00001d023431,0.022594156536566164,-0.0,-0.0
Zm00001d023452,0.0,-0.0,0.0
Zm00001d023481,0.0,-0.0,-0.0
Zm00001d023529,0.0,0.0,-0.0
Zm00001d023579,0.0,-0.0,-0.0
Zm00001d023617,-0.0,0.0,-0.0
Zm00001d023635,0.0,-0.009495552276844869,0.0
Zm00001d023664,-0.0,-0.0,-0.0
Zm00001d023704,0.0,0.0,0.0
Zm00001d023713,-0.0,0.0,0.0
Zm00001d023887,-0.0,0.0,0.0
Zm00001d023995,-0.0,0.0,-0.0
Zm00001d024000,0.0,0.0,-0.0
Zm00001d024014,-0.0,0.0,-0.0
Zm00001d024016,-0.0,0.0,0.12330038853019433
Zm00001d024143,-0.0,-0.0,0.0
Zm00001d024160,0.0,0.0,-0.0
Zm00001d024210,0.0,0.0,-0.0
Zm00001d024475,-0.0,0.0,0.0
Zm00001d024509,-0.0,0.0,0.0
Zm00001d024596,0.0,-0.0,-0.0
Zm00001d024669,0.0,0.0,-0.0
Zm00001d024700,0.0,-0.0,-0.0
Zm00001d024713,0.0,-0.0,-0.0
Zm00001d024744,0.0,-0.0,0.0
Zm00001d024745,-0.0,0.0,-0.0
Zm00001d024751,-0.0,-0.0,-0.0
Zm00001d024752,-0.0,0.0,0.0
Zm00001d024936,0.0,-0.0,-0.0
Zm00001d024960,-0.0,0.0,-0.0
Zm00001d025160,0.0,-0.0,0.0
Zm00001d025414,-0.0,0.0,0.0
Zm00001d025509,0.0,0.0,-0.0
Zm00001d025644,0.0,-0.0,-0.0
Zm00001d025665,0.0,0.0,-0.0
Zm00001d025707,0.0,-0.0,0.0
Zm00001d025722,0.0,0.0,0.0
Zm00001d025846,0.0,-0.0,-0.0
Zm00001d025865,-0.0,0.0,0.0
Zm00001d025980,0.0,-0.0,-0.0
Zm00001d026038,-0.0,0.0,-0.0
Zm00001d026156,-0.0,-0.0,0.0
Zm00001d026194,-0.0,0.0,-0.0
Zm00001d026212,-0.0,0.0,-0.0
Zm00001d026223,0.0,0.0,-0.0
Zm00001d026269,-0.0,0.0,0.0
Zm00001d026284,0.0,-0.0,0.0
Zm00001d026288,0.0,-0.0,-0.0
Zm00001d026312,0.0,0.0,0.0
Zm00001d026329,0.0,-0.0,0.0
Zm00001d026333,0.0,0.0,-0.0
Zm00001d026368,0.0,-0.0,0.0
Zm00001d026387,0.0,-0.0,-0.0
Zm00001d026398,0.0,0.0,-0.0
Zm00001d026413,-0.0,-0.0,0.0
Zm00001d026445,0.13794844307679008,0.0,-0.0
Zm00001d026448,0.0,-0.0,-0.0
Zm00001d026479,0.0,-0.0,0.0
Zm00001d026528,0.0,0.0,0.0
Zm00001d026573,0.0,0.0,-0.0
Zm00001d026580,0.0,-0.0,0.0
Zm00001d026634,-0.04396111912739146,0.0,-0.0
Zm00001d026671,0.10768865343849521,0.0,-0.0
Zm00001d026792,-0.0,0.0,-0.0
Zm00001d026984,0.0,-0.0,0.0
Zm00001d027131,-0.0,0.0,0.0
Zm00001d027240,0.0,-0.0,0.0
Zm00001d027257,-0.0,0.0,0.0
Zm00001d027283,0.0,-0.0,0.0
Zm00001d027290,0.0,-0.0,-0.0
Zm00001d027291,0.0020023875601626415,-0.0,-0.0
Zm00001d027325,-0.0,0.0,0.0
Zm00001d027454,0.0,-0.29173829777849725,0.0
Zm00001d027520,0.0,0.0,-0.0
Zm00001d027524,0.0,0.0,-0.0
Zm00001d027557,-0.0,-0.0,0.0
Zm00001d027570,0.0,-0.0,0.0
Zm00001d027576,-0.0,-0.0,0.0
Zm00001d027649,-0.0,-0.0,0.0
Zm00001d027655,0.0,-0.0,-0.0
Zm00001d027763,0.0,-0.0,0.0
Zm00001d027803,0.09867116776015859,0.0,0.0
Zm00001d027841,-0.0,0.0,-0.0
Zm00001d027847,0.0,-0.0,0.0
Zm00001d027967,0.10359400990078835,-0.0,-0.0
Zm00001d028004,0.0,-0.0,0.0
Zm00001d028008,-0.0,0.0,-0.0
Zm00001d028074,0.0,-0.0,0.0
Zm00001d028109,-0.0,0.016017850151368043,-0.0
Zm00001d028363,0.0,-0.0,-0.0
Zm00001d028366,0.0,-0.0,-0.0
Zm00001d028400,-0.0,-0.05764376588871347,-0.0
Zm00001d028596,-0.0,-0.0,0.0
Zm00001d028659,-0.0,-0.0,0.0
Zm00001d028693,-0.0,0.0,-0.0
Zm00001d028718,-0.0,-0.23391756815651388,0.0
Zm00001d028745,0.0,-0.0,-0.0
Zm00001d028835,0.0,-0.0,0.0
Zm00001d028868,-0.0,0.0,0.0
Zm00001d028923,-0.0,0.0,-0.0
Zm00001d028992,-0.0,0.0,-0.0
Zm00001d029033,0.0,-0.0,-0.0
Zm00001d029048,0.008884938950036914,-0.0,-0.0
Zm00001d029052,0.0,-0.06025548411341481,-0.0
Zm00001d029075,0.0,-0.0,0.0
Zm00001d029084,-0.0,-0.0,0.0
Zm00001d029088,0.0,0.0,-0.01925741398977472
Zm00001d029091,0.0,-0.0,0.0
Zm00001d029098,-0.0,0.0,-0.0
Zm00001d029164,-0.0,-0.0,0.0
Zm00001d029183,0.0,-0.0,-0.0
Zm00001d029208,0.0,-0.0,-0.0
Zm00001d029237,-0.0,0.0,-0.0
Zm00001d029333,-0.0,0.0,0.0
Zm00001d029342,-0.08091828362855039,-0.0,-0.0
Zm00001d029353,-0.0,-0.0,-0.0
Zm00001d029359,0.0,-0.0,0.0
Zm00001d029360,-0.0,0.0,-0.0
Zm00001d029388,0.0,-0.0,-0.0
Zm00001d029448,-0.0,0.0,0.0
Zm00001d029490,-0.0,0.0,-0.0
Zm00001d029525,0.0,-0.0,-0.0
Zm00001d029680,0.0,-0.0,0.0
Zm00001d029696,-0.0,0.0,0.0
Zm00001d029699,-0.0,-0.0,-0.0
Zm00001d029703,-0.0,0.0,0.0
Zm00001d029706,-0.0,-0.0,0.0
Zm00001d029756,0.0,-0.0,0.0
Zm00001d029778,0.0,-0.0,0.0
Zm00001d029785,-0.0,0.0,-0.0
Zm00001d029841,-0.0,0.0,0.0
Zm00001d029852,0.0,-0.0,0.0
Zm00001d029963,0.0,-0.0,0.0
Zm00001d029994,-0.0,0.0,0.0
Zm00001d030114,-0.0,0.0,-0.0
Zm00001d030235,0.0,-0.0,-0.0
Zm00001d030544,0.0,-0.0,-0.0
Zm00001d030670,-0.0,-0.0,-0.0
Zm00001d030902,0.0,-0.0,0.0
Zm00001d030937,0.0,-0.0,0.0
Zm00001d031047,-0.0,-0.0,0.0
Zm00001d031203,-0.0,0.0,-0.09715721101070907
Zm00001d031258,-0.0,0.0,-0.0
Zm00001d031300,0.0,0.0,-0.0
Zm00001d031309,-0.0,0.0,0.0
Zm00001d031323,-0.0,0.0,0.5841287253083306
Zm00001d031332,-0.0,0.0,-0.0
Zm00001d031345,0.0,0.0,0.0
Zm00001d031349,-0.0,-0.0,0.0
Zm00001d031379,0.0,-0.0,-0.0
Zm00001d031496,0.0,-0.0,-0.0
Zm00001d031586,0.0,-0.0,-0.0
Zm00001d031620,0.0,0.0,0.0
Zm00001d031648,-0.0,0.0,0.0
Zm00001d031666,-0.0,-0.0,0.0
Zm00001d031677,-0.0,-0.0,-0.0
Zm00001d031724,0.0,-0.0,-0.0
Zm00001d031771,-0.0,-0.0,-0.0
Zm00001d031772,-0.0,-0.0,-0.0
Zm00001d031778,-0.0,0.0,-0.0
Zm00001d031808,0.0,-0.0,-0.0
Zm00001d031817,0.0,0.0,-0.0
Zm00001d031898,-0.0,0.0,-0.0
Zm00001d031952,0.0,-0.0,0.0
Zm00001d032197,0.0,-0.0,0.0
Zm00001d032220,0.0,-0.0,0.0
Zm00001d032268,-0.0,0.0,0.0
Zm00001d032428,0.0,0.0,-0.0
Zm00001d032504,0.0,0.0,-0.0
Zm00001d032546,-0.0,0.0,-0.0
Zm00001d032566,0.0,-0.0,0.0
Zm00001d032668,0.0,-0.0,0.0
Zm00001d032897,0.0,-0.0,-0.0
Zm00001d032902,0.0,-0.0,0.0
Zm00001d032989,0.0,-0.0,-0.0
Zm00001d033109,0.0,-0.0,-0.0
Zm00001d033111,0.0,-0.0,0.0
Zm00001d033130,0.04759170256644287,-0.0,0.0
Zm00001d033139,0.0,-0.0,-0.0
Zm00001d033149,0.0,0.0,0.0
Zm00001d033190,-0.0,0.0,0.0
Zm00001d033259,0.0,-0.0,0.0
Zm00001d033284,0.0,0.0,0.0
Zm00001d033605,0.0,-0.0,0.0
Zm00001d033607,0.0,0.0,0.0
Zm00001d033633,0.0,-0.0,0.0
Zm00001d033657,-0.0,-0.0,0.0
Zm00001d033710,-0.0,0.0,-0.0
Zm00001d033782,-0.0,0.0,-0.0
Zm00001d033840,-0.0,0.0,0.0
Zm00001d033935,0.0,-0.0,-0.0
Zm00001d033948,0.0,-0.0,-0.0
Zm00001d034028,0.0,-0.0,-0.0
Zm00001d034129,0.0,-0.0,-0.0
Zm00001d034164,-0.0,0.0,0.0
Zm00001d034175,0.0,-0.0,0.0
Zm00001d034189,0.0,-0.0,0.0
Zm00001d034232,0.0,0.0,0.0
Zm00001d034278,-0.0,0.0,0.0
Zm00001d034359,0.4232773875197171,0.0,-0.0
Zm00001d034385,0.0,-0.0,0.0
Zm00001d034404,-0.0,0.0,0.0
Zm00001d034433,0.0,-0.0,-0.0
Zm00001d034460,0.0,-0.0,-0.0
Zm00001d034496,0.2947333539855115,-0.0,0.0
Zm00001d034497,0.0,-0.10317977921376323,-0.0
Zm00001d034624,-0.0,0.0,0.0
Zm00001d034629,0.0,-0.0,0.0
Zm00001d034643,-0.0,0.0,-0.0
Zm00001d034671,0.0,-0.0,-0.0
Zm00001d034801,-0.0,0.0,0.0
Zm00001d034814,0.0,-0.0,-0.0
Zm00001d034823,-0.0,0.0,0.0
Zm00001d034829,-0.0,0.0,-0.0
Zm00001d034839,-0.0,-0.0,0.0
Zm00001d034853,-0.0,0.0,0.0
Zm00001d034872,-0.0,0.0,0.0
Zm00001d034986,0.0,-0.0,0.0
Zm00001d035030,0.0,-0.0,-0.0
Zm00001d035178,0.0,-0.0,-0.0
Zm00001d035212,0.08543361958862136,-0.0,0.0
Zm00001d035324,0.0,-0.0,0.0
Zm00001d035356,0.0,-0.0,-0.0
Zm00001d035367,0.0,-0.0,-0.06018856698057678
Zm00001d035377,0.0,-0.0,-0.0
Zm00001d035381,0.05848135480901473,-0.0,-0.0
Zm00001d035390,0.0,-0.0,-0.0
Zm00001d035413,0.0,-0.0,-0.0
Zm00001d035420,0.0,-0.0,-0.0
Zm00001d035428,0.0,-0.0,0.0
Zm00001d035558,-0.0,-0.0,-0.0
Zm00001d035579,0.0,-0.0,0.0
Zm00001d035603,0.0,0.0,-0.0
Zm00001d035662,0.0,-0.0,0.0
Zm00001d035681,0.0,0.0,-0.0
Zm00001d035683,-0.0,0.0,-0.0
Zm00001d035684,0.0,-0.0,0.0
Zm00001d035926,-0.0,0.0,0.0
Zm00001d036079,-0.0,0.0,0.0
Zm00001d036136,0.0,-0.0,-0.0
Zm00001d036224,-0.0,0.0,-0.0
Zm00001d036300,0.0,-0.0,0.0
Zm00001d036541,0.0,-0.0,0.0
Zm00001d036543,0.1070816349634165,-0.0,-0.0
Zm00001d036575,-0.0,0.0,-0.0
Zm00001d036647,0.0,0.0,0.0
Zm00001d036700,-0.0,0.0,-0.0
Zm00001d036761,-0.0,0.0,0.0
Zm00001d036765,-0.0,0.0,0.0
Zm00001d036790,-0.0,0.0,-0.0
Zm00001d036800,0.0,-0.0,-0.0
Zm00001d036831,0.0,-0.0,0.0
Zm00001d036840,-0.0,0.0,-0.0
Zm00001d036956,0.01619524866619643,-0.0,-0.0
Zm00001d036973,-0.0,0.0,-0.0
Zm00001d037004,-0.0,0.0,0.0
Zm00001d037096,-0.0,0.0,0.0
Zm00001d037160,0.0,-0.0,0.0
Zm00001d037194,0.0,-0.0,0.0
Zm00001d037200,-0.0,0.0,0.0
Zm00001d037228,0.0,-0.0,0.0
Zm00001d037233,-0.0,0.0018594460321859632,0.0
Zm00001d037343,-0.0,0.0,0.0
Zm00001d037355,-0.0,0.0,-0.0
Zm00001d037388,-0.0,0.0,0.127382143968622
Zm00001d037507,-0.0,-0.0,0.0
Zm00001d037542,-0.0,0.0,-0.0
Zm00001d037557,-0.0,0.0,-0.0
Zm00001d037609,0.0,-0.0,0.0
Zm00001d037652,-0.0,0.0,-0.0
Zm00001d037674,-0.0,-0.0,0.0
Zm00001d037708,-0.0,0.0,0.0
Zm00001d037760,-0.0,0.0,0.028231942400266184
Zm00001d037852,-0.0,0.0,-0.0
Zm00001d037894,-0.0,-0.0,-0.0
Zm00001d038003,-0.0,-0.0,0.0
Zm00001d038050,0.0,-0.0,-0.0
Zm00001d038051,0.0,-0.0,-0.0
Zm00001d038211,0.0,-0.0,-0.0
Zm00001d038226,0.0,-0.0,0.0
Zm00001d038275,-0.0,0.0,0.0
Zm00001d038288,0.0,-0.0,-0.0
Zm00001d038451,-0.0,-0.0,-0.0
Zm00001d038511,0.0,-0.0,-0.0
Zm00001d038523,0.0,-0.0,-0.0
Zm00001d038526,0.0,-0.0,0.0
Zm00001d038532,0.0,-0.0,-0.0
Zm00001d038564,-0.0,0.0,-0.0
Zm00001d038664,-0.0,0.0,-0.0
Zm00001d038703,0.0,-0.0,-0.0
Zm00001d038720,0.0,0.0,0.0
Zm00001d038756,0.0,0.0,-0.0
Zm00001d038764,0.0,0.0,0.0
Zm00001d038791,0.0,-0.0,0.0
Zm00001d038819,0.0,-0.0,-0.0
Zm00001d038870,0.0,0.0,-0.0
Zm00001d038879,0.0,-0.0,-0.0
Zm00001d038908,0.0,-0.0,0.0
Zm00001d038954,0.0,-0.0,-0.0
Zm00001d038999,-0.0,0.0,-0.0
Zm00001d039085,-0.0,0.0,0.0
Zm00001d039098,-0.0,-0.0,0.0
Zm00001d039099,-0.0,0.0,0.0
Zm00001d039139,0.0,-0.0,-0.0
Zm00001d039280,-0.0,0.0,0.0
Zm00001d039304,0.0,-0.0,0.0
Zm00001d039310,0.0,-0.0,0.0
Zm00001d039350,-0.0,0.0012093195188760631,0.0
Zm00001d039364,-0.0,-0.0,-0.0
Zm00001d039370,-0.0,-0.0,0.0
Zm00001d039384,-0.0,-0.0,0.0
Zm00001d039387,0.0,-0.0,-0.0
Zm00001d039407,-0.0,0.0,-0.0
Zm00001d039417,0.0,-0.0,-0.0
Zm00001d039496,0.0,-0.0,0.0
Zm00001d039582,-0.0,-0.0,-0.0
Zm00001d039617,-0.0,-0.0,0.0
Zm00001d039640,-0.0,0.0,0.0
Zm00001d039711,0.0,-0.0,0.0
Zm00001d039712,-0.0,0.0,0.0
Zm00001d039733,0.0,-0.0,-0.0
Zm00001d039826,0.0,-0.0,0.0
Zm00001d039879,0.0,-0.0,-0.0
Zm00001d039914,-0.0,-0.0,0.0
Zm00001d039982,-0.0,0.0,0.2652455034761551
Zm00001d039991,0.0,-0.0,-0.0
Zm00001d040011,-0.0,-0.0,-0.0
Zm00001d040027,0.0,-0.0,-0.0
Zm00001d040029,0.0,-0.0,0.0
Zm00001d040050,-0.0,0.0,0.0
Zm00001d040075,0.0,-0.0,0.0
Zm00001d040153,0.0,0.0,-0.0
Zm00001d040304,-0.0,0.0,0.0
Zm00001d040357,-0.0,0.0,-0.0
Zm00001d040748,-0.0,0.0,0.0
Zm00001d040852,-0.0,0.0,0.0
Zm00001d040984,0.0,0.0,-0.0
Zm00001d041225,0.0,-0.0,-0.2364458713952141
Zm00001d041455,-0.0,0.0,-0.0
Zm00001d041550,0.0,-0.0,-0.0
Zm00001d041583,0.0,-0.0,-0.0
Zm00001d041608,-0.0,0.0,-0.0
Zm00001d041715,-0.0,0.0,0.0
Zm00001d041746,-0.0,-0.0,0.0
Zm00001d041788,0.0,0.05558714382478087,-0.0
Zm00001d041977,-0.0,0.0,-0.0
Zm00001d042017,0.0,0.0,-0.0
Zm00001d042022,-0.0,0.0,-0.0
Zm00001d042035,0.0,-0.0,0.0
Zm00001d042104,0.0,-0.0,0.0
Zm00001d042106,0.0,0.0,0.0
Zm00001d042150,-0.0,0.0,-0.0
Zm00001d042158,0.0,-0.0,0.0
Zm00001d042279,0.0,-0.0,0.0
Zm00001d042341,0.0,-0.0,-0.0
Zm00001d042361,0.0,0.0,0.0
Zm00001d042598,0.0,-0.0,-0.0
Zm00001d042694,0.0,-0.0,-0.0
Zm00001d042727,0.376849222293458,-0.0,-0.0
Zm00001d042779,0.0,-0.0,-0.0
Zm00001d042874,-0.0,0.0,-0.0
Zm00001d042888,-0.0,0.0,-0.0
Zm00001d042969,0.0,-0.0,-0.0
Zm00001d043151,0.0,0.0,-0.0
Zm00001d043165,-0.0,0.0,0.0
Zm00001d043178,0.0,-0.0,-0.0
Zm00001d043249,-0.0,0.0,0.0
Zm00001d043278,-0.0,0.0,0.0
Zm00001d043341,-0.0,-0.0,0.0
Zm00001d043418,0.0,0.0,-0.0
Zm00001d043419,0.0,-0.0,0.0
Zm00001d043444,0.0,0.0,-0.0
Zm00001d043453,-0.0,0.0,-0.0
Zm00001d043480,-0.0,0.0,0.0
Zm00001d043560,-0.0,0.10974851462427888,0.0
Zm00001d043628,-0.0,-0.0,-0.0
Zm00001d043649,0.0,0.0,-0.0
Zm00001d043654,0.0,-0.0,-0.012410779391457662
Zm00001d043752,-0.0,0.0,0.0
Zm00001d043762,-0.0,0.0,0.0
Zm00001d043767,0.0,-0.0,0.0
Zm00001d043850,0.0,-0.0,-0.0
Zm00001d043853,0.0,-0.0,-0.0
Zm00001d043856,-0.0,0.0,-0.0
Zm00001d043904,0.0,-0.0,-0.0
Zm00001d043912,-0.0,-0.0,-0.0
Zm00001d043965,0.0,0.0,-0.0
Zm00001d043982,0.0,-0.0,0.0
Zm00001d043986,0.0,-0.0,0.0
Zm00001d043994,-0.0,0.0,0.0
Zm00001d044079,-0.0,-0.0,0.0
Zm00001d044106,-0.0,0.0,-0.0
Zm00001d044142,0.0,-0.0,0.0
Zm00001d044156,-0.0,0.0,0.0
Zm00001d044172,-0.0,0.0,0.0
Zm00001d044186,0.0,-0.0,0.0
Zm00001d044300,-0.0,-0.0,0.0
Zm00001d044302,0.0,-0.0,-0.0
Zm00001d044323,-0.0,0.0,0.0
Zm00001d044382,0.0,-0.0,0.0
Zm00001d044442,-0.29223758850911097,-0.0,-0.0
Zm00001d044455,0.0,0.0,0.0
Zm00001d044497,-0.0,0.0,0.0
Zm00001d044534,0.0,-0.0,0.0
Zm00001d044622,0.0,-0.0,-0.0
Zm00001d044630,0.0,-0.0,-0.0
Zm00001d044650,0.0,-0.0,-0.0
Zm00001d044748,0.0,-0.0,-0.0
Zm00001d044765,-0.0,0.0,-0.0
Zm00001d044774,0.0,-0.23550937624426774,0.0
Zm00001d044906,-0.0,-0.0,-0.0
Zm00001d044951,0.0,-0.0,-0.0
Zm00001d044967,-0.0,0.0,-0.0
Zm00001d044986,0.0,-0.0,-0.0
Zm00001d045021,0.0,-0.0,0.0
Zm00001d045124,-0.0,0.0,0.0
Zm00001d045220,0.0,0.0,-0.0
Zm00001d045237,-0.0,0.0,0.0
Zm00001d045386,0.0,0.0,-0.0
Zm00001d045475,-0.0,-0.0,-0.0
Zm00001d045488,-0.0,0.0,0.0
Zm00001d045497,-0.0,0.0,0.0
Zm00001d045540,0.0,-0.0,-0.0
Zm00001d045581,0.1573653264119509,-0.0,0.0
Zm00001d045583,0.0,0.0,-0.0
Zm00001d045597,-0.0,-0.0,0.0
Zm00001d045667,0.16184449895003394,0.0,-0.0
Zm00001d045778,-0.0,0.0,-0.0
Zm00001d045951,0.023004683455252535,-0.0,-0.0
Zm00001d045963,0.0,-0.0,-0.0
Zm00001d046112,0.0,-0.0,0.0
Zm00001d046225,-0.0,-0.0,-0.0
Zm00001d046263,-0.0,0.0,-0.0
Zm00001d046274,0.0,0.0,0.0
Zm00001d046455,0.0,-0.0,-0.0
Zm00001d046568,-0.0,0.0,0.0
Zm00001d046655,-0.0,0.0,0.0
Zm00001d046661,0.0,-0.0,-0.0
Zm00001d046722,-0.0,0.0,0.0
Zm00001d046765,0.0,-0.0,-0.0
Zm00001d046772,-0.0,0.0,0.0
Zm00001d046831,0.0,-0.0,-0.0
Zm00001d046961,0.0,-0.029432683685122266,-0.0
Zm00001d047062,-0.0,0.0,-0.0
Zm00001d047210,0.0,-0.0,0.0
Zm00001d047211,0.0,-0.0,-0.0
Zm00001d047234,-0.0,-0.0,0.0
Zm00001d047300,0.0,-0.0,0.0
Zm00001d047366,0.14263403341279135,-0.0,0.0
Zm00001d047367,0.0,-0.0,-0.0
Zm00001d047387,-0.0,0.0,0.0
Zm00001d047480,-0.0,-0.0,-0.0
Zm00001d047522,-0.0,0.0,-0.0
Zm00001d047765,0.0,-0.0,0.0
Zm00001d047787,0.0,0.0,0.0
Zm00001d047833,-0.0,0.0,-0.0
Zm00001d047917,0.0,0.0,0.0
Zm00001d047939,0.0,0.0,0.0
Zm00001d047998,0.0,-0.0,-0.0
Zm00001d048013,-0.0,-0.0,-0.0
Zm00001d048020,-0.0,0.0,-0.0
Zm00001d048044,-0.0,-0.0,0.0
Zm00001d048083,0.3050060496901692,-0.0,0.0
Zm00001d048135,0.0,0.0,0.0
Zm00001d048138,0.0,-0.0,-0.0
Zm00001d048176,-0.0,0.0,0.0
Zm00001d048334,-0.0,0.0,-0.0
Zm00001d048344,0.0,-0.0,-0.0
Zm00001d048363,-0.0,0.0,0.0
Zm00001d048373,0.0,-0.0,-0.0
Zm00001d048409,0.0,0.0,0.0
Zm00001d048466,0.0,-0.0,-0.0
Zm00001d048469,0.0,-0.0,-0.0
Zm00001d048604,-0.0,0.0,0.0
Zm00001d048625,-0.0,0.0,-0.0
Zm00001d048662,-0.0,-0.0,0.0
Zm00001d048789,0.0,-0.0,-0.0
Zm00001d048859,-0.0,0.0,-0.0
Zm00001d048948,0.0,-0.0,-0.0
Zm00001d048949,-0.0,0.0,0.0
Zm00001d048950,0.0,-0.23395400652887555,-0.0
Zm00001d049061,-0.0,0.0,0.0
Zm00001d049083,-0.0,0.0,0.0
Zm00001d049091,0.0,-0.0,-0.0
Zm00001d049100,-0.0,0.0,0.0
Zm00001d049107,-0.0,0.0,0.0
Zm00001d049223,-0.0,0.0,0.0
Zm00001d049369,-0.0,0.0,0.0
Zm00001d049380,0.0,0.0,-0.0
Zm00001d049390,-0.0,0.0,0.0
Zm00001d049469,0.0,-0.012752248222824546,0.0
Zm00001d049769,0.0,-0.0,-0.0
Zm00001d049771,-0.0,-0.0,0.0
Zm00001d049954,-0.0,0.0,-0.0
Zm00001d050089,0.0,-0.0,-0.0
Zm00001d050218,-0.0,0.0,0.0
Zm00001d050382,-0.0,0.0,-0.0
Zm00001d050755,0.0,-0.0,-0.0
Zm00001d050775,-0.0,-0.0,0.0
Zm00001d051125,0.0,-0.0,0.0
Zm00001d051238,0.0,-0.0,-0.0
Zm00001d051267,-0.0,0.0,0.0
Zm00001d051288,0.0,-0.2478671066150896,-0.0
Zm00001d051310,-0.0,0.0,0.0
Zm00001d051362,-0.0,0.0,0.0
Zm00001d051419,0.0,-0.0,0.0
Zm00001d051424,-0.0,0.0,0.12630870769155622
Zm00001d051475,-0.0,0.0,-0.0
Zm00001d051563,0.0,-0.0,-0.0
Zm00001d051592,-0.0,0.0,0.0
Zm00001d051609,0.0,-0.0,0.0
Zm00001d051687,0.0,-0.22355209314212782,0.0
Zm00001d051753,0.0,-0.0,-0.0
Zm00001d051788,0.0,-0.0,0.0
Zm00001d051873,-0.0,0.0,0.0
Zm00001d051900,0.02905922162895545,-0.0,-0.0
Zm00001d051913,-0.0,0.2894455609318504,-0.0
Zm00001d051995,0.0,-0.0,-0.0
Zm00001d052010,0.0,-0.0,0.0
Zm00001d052014,-0.0,0.0,-0.0
Zm00001d052076,-0.0,0.0,0.0
Zm00001d052137,-0.0,0.0,-0.0
Zm00001d052170,0.0,0.0,-0.0
Zm00001d052220,-0.0,-0.0,0.0
Zm00001d052261,-0.0,0.0,0.0
Zm00001d052375,0.0,0.0,0.0
Zm00001d052391,-0.0,-0.0,-0.0
Zm00001d052434,0.0,0.0,0.0
Zm00001d052467,-0.0,-0.0,-0.0
Zm00001d052683,0.0,-0.0,0.0
Zm00001d052767,-0.0,0.0,-0.0
Zm00001d052840,0.0,-0.0,0.0
Zm00001d052873,-0.0,0.0,0.0
Zm00001d053070,-0.0,0.0,0.4091054063741717
Zm00001d053188,-0.0,-0.0,0.0
Zm00001d053409,-0.0,0.0,0.0
Zm00001d053416,-0.0,0.0,0.0
Zm00001d053434,0.0,-0.0,0.0
Zm00001d053442,0.0,0.0,0.0
Zm00001d053453,0.0,-0.0,-0.0
Zm00001d053566,-0.0,-0.0,0.0
Zm00001d053608,0.0,-0.0,-0.0
Zm00001d053680,-0.0,0.0,-0.0
Zm00001d053715,-0.0,0.0,0.0
Zm00001d053775,-0.0,-0.0,0.0
Zm00001d053778,-0.0,-0.0,0.0
Zm00001d053816,0.0,-0.0,0.0
Zm00001d053966,-0.0,0.0,-0.0
Zm00001d053972,0.0,-0.0,-0.0
Zm00001d053991,-0.0,0.0,-0.0
Zm00001d053997,-0.0,0.0,0.0
Zm00001d054070,0.0,0.0,-0.0
